id,category,aug-s1337,aug-s2024,aug-s31337,aug-s7,ce-s1337,ce-s2024,ce-s31337,ce-s7,ce-s42,aug-s42
c001,negation_pair,positive,positive,positive,positive,positive,positive,positive,positive,positive,positive
c002,negation_pair,negative,negative,negative,negative,negative,negative,negative,negative,negative,negative
c003,negation_pair,positive,positive,positive,positive,positive,positive,positive,positive,positive,positive
c004,negation_pair,negative,negative,negative,negative,negative,negative,negative,negative,negative,negative
c005,negation_pair,positive,positive,positive,positive,positive,positive,positive,positive,positive,positive
c006,negation_pair,negative,negative,negative,negative,negative,negative,negative,negative,negative,negative
c007,negation_pair,negative,negative,negative,negative,negative,negative,negative,negative,negative,negative
c008,negation_pair,negative,neutral,negative,positive,negative,neutral,neutral,positive,negative,negative
c009,negation_pair,negative,negative,negative,negative,negative,negative,negative,negative,negative,negative
c010,negation_pair,positive,positive,positive,positive,positive,positive,positive,positive,positive,positive
c011,negation_pair,negative,positive,negative,negative,negative,negative,negative,negative,negative,negative
c012,negation_pair,positive,positive,positive,positive,positive,positive,positive,positive,positive,positive
c013,negation_pair,negative,positive,negative,positive,negative,positive,positive,positive,negative,negative
c014,negation_pair,negative,negative,negative,negative,negative,negative,negative,negative,negative,negative
c015,negation_pair,negative,negative,positive,positive,positive,negative,positive,negative,negative,negative
c016,negation_pair,negative,negative,negative,negative,negative,negative,negative,negative,negative,negative
c017,negation_pair,negative,negative,negative,negative,negative,negative,negative,negative,negative,negative
c018,negation_pair,positive,positive,positive,positive,positive,positive,positive,positive,positive,positive
c019,negation_pair,negative,negative,negative,negative,negative,negative,negative,negative,negative,negative
c020,negation_pair,negative,neutral,negative,neutral,neutral,neutral,neutral,negative,neutral,neutral
c021,negation_pair,positive,positive,positive,positive,positive,positive,positive,positive,positive,positive
c022,negation_pair,negative,negative,negative,negative,negative,negative,negative,negative,negative,negative
c023,negation_pair,negative,negative,negative,negative,negative,negative,negative,negative,negative,negative
c024,negation_pair,positive,neutral,neutral,positive,positive,neutral,positive,positive,positive,positive
c025,negation_pair,negative,positive,negative,neutral,positive,negative,negative,negative,negative,positive
c026,negation_pair,negative,negative,negative,negative,negative,negative,negative,negative,negative,negative
c027,negation_pair,negative,negative,negative,negative,negative,negative,negative,negative,negative,negative
c028,negation_pair,positive,positive,positive,positive,positive,neutral,positive,positive,positive,positive
c029,negation_pair,negative,negative,neutral,negative,negative,negative,positive,negative,negative,negative
c030,negation_pair,negative,negative,negative,negative,negative,negative,negative,negative,negative,negative
c031,mixed_aspect,negative,negative,positive,positive,negative,negative,negative,negative,negative,negative
c032,mixed_aspect,positive,positive,positive,positive,positive,positive,positive,positive,positive,positive
c033,mixed_aspect,negative,negative,positive,positive,negative,negative,negative,negative,negative,negative
c034,mixed_aspect,positive,positive,positive,positive,positive,positive,positive,positive,positive,positive
c035,mixed_aspect,positive,positive,positive,positive,positive,positive,positive,positive,positive,positive
c036,mixed_aspect,negative,negative,negative,negative,negative,negative,negative,negative,negative,negative
c037,mixed_aspect,negative,positive,negative,positive,negative,negative,negative,positive,negative,negative
c038,mixed_aspect,positive,neutral,positive,positive,positive,positive,positive,positive,positive,positive
c039,mixed_aspect,negative,positive,positive,positive,negative,negative,negative,negative,negative,negative
c040,mixed_aspect,positive,positive,positive,positive,positive,positive,positive,positive,positive,positive
c041,mixed_aspect,positive,positive,positive,positive,positive,positive,positive,positive,positive,positive
c042,mixed_aspect,negative,negative,negative,negative,negative,negative,negative,negative,negative,negative
c043,mixed_aspect,negative,negative,negative,negative,negative,negative,negative,negative,negative,negative
c044,mixed_aspect,negative,negative,negative,negative,negative,negative,negative,positive,negative,positive
c045,mixed_aspect,negative,positive,positive,positive,positive,negative,negative,negative,negative,negative
c046,mixed_aspect,positive,positive,positive,positive,positive,positive,positive,positive,positive,positive
c047,mixed_aspect,positive,positive,positive,positive,positive,positive,positive,positive,positive,positive
c048,mixed_aspect,negative,negative,positive,negative,negative,negative,negative,negative,negative,negative
c049,mixed_aspect,negative,negative,negative,negative,negative,negative,negative,negative,negative,negative
c050,mixed_aspect,negative,neutral,positive,positive,positive,negative,positive,positive,positive,positive
c051,mixed_aspect,positive,positive,positive,positive,positive,positive,positive,positive,positive,positive
c052,mixed_aspect,negative,negative,negative,negative,negative,negative,negative,negative,negative,negative
c053,mixed_aspect,negative,positive,negative,negative,negative,negative,positive,negative,negative,negative
c054,mixed_aspect,negative,negative,negative,negative,negative,negative,negative,negative,negative,negative
c055,mixed_aspect,negative,positive,positive,positive,positive,positive,neutral,positive,positive,positive
c056,mixed_aspect,negative,negative,positive,positive,positive,negative,positive,positive,positive,positive
c057,mixed_aspect,negative,negative,negative,negative,negative,negative,negative,negative,negative,negative
c058,mixed_aspect,positive,positive,positive,positive,positive,positive,positive,positive,positive,positive
c059,mixed_aspect,negative,positive,neutral,positive,positive,positive,neutral,positive,positive,positive
c060,mixed_aspect,negative,negative,negative,negative,negative,negative,negative,negative,negative,negative
c061,mixed_aspect,negative,positive,positive,positive,positive,positive,positive,positive,negative,positive
c062,mixed_aspect,negative,negative,negative,negative,negative,negative,negative,negative,negative,negative
c063,mixed_aspect,negative,negative,negative,negative,negative,negative,negative,negative,negative,negative
c064,mixed_aspect,negative,negative,negative,negative,negative,negative,negative,negative,negative,negative
c065,mixed_aspect,positive,positive,positive,positive,positive,positive,positive,positive,positive,positive
c066,mixed_aspect,negative,negative,negative,negative,negative,negative,negative,negative,negative,negative
c067,mixed_aspect,positive,positive,positive,positive,positive,positive,positive,positive,positive,positive
c068,mixed_aspect,negative,negative,negative,negative,negative,negative,negative,negative,negative,negative
c069,mixed_aspect,positive,positive,positive,positive,positive,positive,positive,positive,positive,positive
c070,mixed_aspect,negative,negative,negative,negative,negative,negative,negative,negative,negative,negative
c071,suggestion_cue,negative,negative,negative,negative,negative,negative,negative,negative,negative,negative
c072,suggestion_cue,negative,negative,negative,negative,negative,negative,negative,negative,negative,negative
c073,suggestion_cue,negative,negative,negative,negative,negative,negative,negative,negative,negative,negative
c074,suggestion_cue,negative,negative,negative,negative,negative,negative,negative,negative,negative,negative
c075,suggestion_cue,negative,negative,negative,negative,negative,negative,negative,negative,negative,negative
c076,suggestion_cue,negative,negative,negative,negative,negative,negative,negative,negative,negative,negative
c077,suggestion_cue,negative,negative,negative,negative,negative,negative,negative,negative,negative,negative
c078,suggestion_cue,negative,negative,negative,negative,negative,negative,negative,negative,negative,negative
c079,suggestion_cue,negative,negative,negative,negative,negative,negative,negative,negative,negative,negative
c080,suggestion_cue,negative,negative,negative,negative,negative,negative,negative,negative,negative,negative
c081,suggestion_cue,negative,negative,negative,negative,negative,negative,negative,negative,negative,negative
c082,suggestion_cue,negative,negative,negative,negative,negative,negative,negative,negative,negative,negative
c083,suggestion_cue,negative,negative,negative,negative,negative,negative,negative,negative,negative,negative
c084,suggestion_cue,negative,negative,negative,negative,negative,negative,negative,negative,negative,negative
c085,suggestion_cue,negative,negative,negative,negative,negative,negative,negative,negative,negative,negative
c086,suggestion_cue,negative,negative,negative,negative,negative,negative,negative,negative,negative,negative
c087,suggestion_cue,negative,negative,negative,negative,negative,negative,negative,negative,negative,negative
c088,suggestion_cue,negative,negative,negative,negative,negative,negative,negative,negative,negative,negative
c089,suggestion_cue,negative,negative,negative,negative,negative,negative,negative,negative,negative,negative
c090,suggestion_cue,negative,negative,negative,negative,negative,negative,negative,negative,negative,negative
c091,suggestion_cue,negative,negative,negative,negative,negative,negative,negative,negative,negative,negative
c092,suggestion_cue,negative,negative,negative,negative,negative,negative,negative,negative,negative,negative
c093,suggestion_cue,negative,negative,negative,negative,negative,negative,negative,negative,negative,negative
c094,suggestion_cue,negative,negative,negative,negative,negative,negative,negative,negative,negative,negative
c095,suggestion_cue,negative,negative,negative,negative,negative,negative,negative,negative,negative,negative
c096,suggestion_implicit,negative,negative,negative,negative,negative,negative,negative,negative,negative,negative
c097,suggestion_implicit,negative,negative,negative,negative,negative,negative,negative,negative,negative,negative
c098,suggestion_implicit,negative,negative,negative,negative,negative,negative,negative,negative,negative,negative
c099,suggestion_implicit,negative,negative,negative,negative,negative,negative,negative,negative,negative,negative
c100,suggestion_implicit,negative,negative,negative,negative,negative,negative,negative,negative,negative,negative
c101,suggestion_implicit,negative,negative,negative,negative,negative,negative,negative,negative,negative,negative
c102,suggestion_implicit,negative,negative,negative,negative,negative,negative,negative,negative,negative,negative
c103,suggestion_implicit,negative,negative,negative,negative,negative,negative,negative,negative,negative,negative
c104,suggestion_implicit,negative,negative,negative,negative,negative,negative,negative,negative,negative,negative
c105,suggestion_implicit,negative,negative,negative,negative,negative,negative,negative,negative,negative,negative
c106,suggestion_implicit,negative,negative,negative,negative,negative,negative,negative,negative,negative,negative
c107,suggestion_implicit,negative,negative,negative,negative,negative,negative,negative,negative,negative,negative
c108,suggestion_implicit,negative,negative,negative,negative,negative,negative,negative,negative,negative,negative
c109,suggestion_implicit,negative,negative,negative,negative,negative,negative,positive,positive,positive,positive
c110,suggestion_implicit,negative,negative,negative,negative,negative,negative,negative,negative,negative,negative
c111,suggestion_implicit,neutral,neutral,neutral,neutral,neutral,neutral,neutral,negative,neutral,neutral
c112,suggestion_implicit,negative,negative,negative,negative,negative,negative,negative,negative,negative,negative
c113,suggestion_implicit,negative,negative,negative,negative,negative,negative,negative,negative,negative,negative
c114,suggestion_implicit,neutral,neutral,neutral,negative,negative,negative,neutral,neutral,neutral,neutral
c115,suggestion_implicit,negative,neutral,neutral,neutral,negative,negative,negative,negative,negative,negative
c116,suggestion_implicit,negative,neutral,negative,negative,negative,negative,negative,negative,neutral,neutral
c117,suggestion_implicit,negative,neutral,negative,negative,negative,negative,neutral,negative,neutral,neutral
c118,suggestion_implicit,neutral,neutral,neutral,neutral,neutral,negative,neutral,neutral,neutral,neutral
c119,suggestion_implicit,negative,negative,neutral,negative,negative,negative,neutral,negative,neutral,negative
c120,suggestion_implicit,neutral,neutral,neutral,neutral,neutral,neutral,neutral,neutral,neutral,neutral
c121,unaccented_typed,positive,positive,positive,positive,neutral,neutral,positive,neutral,neutral,positive
c122,unaccented_typed,positive,positive,positive,positive,positive,neutral,positive,positive,neutral,positive
c123,unaccented_typed,negative,positive,positive,positive,positive,positive,positive,positive,positive,positive
c124,unaccented_typed,positive,positive,positive,positive,positive,positive,positive,positive,positive,positive
c125,unaccented_typed,positive,positive,positive,positive,negative,negative,negative,negative,negative,positive
c126,unaccented_typed,positive,positive,positive,negative,positive,neutral,positive,neutral,neutral,positive
c127,unaccented_typed,positive,positive,positive,positive,neutral,neutral,neutral,neutral,neutral,positive
c128,unaccented_typed,negative,positive,positive,positive,positive,positive,positive,positive,positive,negative
c129,unaccented_typed,negative,negative,positive,negative,negative,neutral,neutral,neutral,neutral,negative
c130,unaccented_typed,positive,positive,neutral,positive,neutral,neutral,neutral,neutral,neutral,positive
c131,unaccented_typed,negative,positive,positive,negative,negative,negative,negative,negative,negative,positive
c132,unaccented_typed,positive,positive,positive,positive,positive,neutral,neutral,neutral,neutral,positive
c133,unaccented_typed,negative,positive,positive,positive,positive,neutral,neutral,neutral,neutral,positive
c134,unaccented_typed,positive,positive,positive,positive,neutral,negative,neutral,neutral,neutral,positive
c135,unaccented_typed,negative,negative,negative,negative,negative,negative,negative,negative,negative,negative
c136,unaccented_typed,neutral,positive,positive,positive,neutral,neutral,neutral,neutral,neutral,positive
c137,unaccented_typed,negative,positive,positive,positive,neutral,neutral,neutral,neutral,neutral,positive
c138,unaccented_typed,negative,negative,positive,positive,neutral,neutral,neutral,neutral,neutral,negative
c139,unaccented_typed,positive,positive,positive,positive,negative,negative,negative,negative,negative,positive
c140,unaccented_typed,negative,positive,negative,negative,neutral,neutral,neutral,neutral,neutral,neutral
c141,unaccented_typed,negative,negative,negative,negative,neutral,neutral,neutral,neutral,neutral,negative
c142,unaccented_typed,negative,negative,positive,negative,positive,neutral,neutral,positive,positive,negative
c143,unaccented_typed,negative,positive,negative,negative,positive,neutral,positive,positive,positive,neutral
c144,unaccented_typed,negative,negative,negative,negative,negative,negative,negative,negative,negative,negative
c145,unaccented_typed,negative,negative,negative,negative,neutral,neutral,neutral,neutral,neutral,negative
c146,unaccented_typed,negative,negative,negative,negative,negative,neutral,neutral,negative,negative,negative
c147,unaccented_typed,positive,positive,positive,positive,neutral,neutral,neutral,neutral,neutral,negative
c148,unaccented_typed,negative,negative,positive,negative,neutral,neutral,neutral,neutral,neutral,negative
c149,unaccented_typed,negative,negative,negative,negative,positive,positive,positive,neutral,neutral,negative
c150,unaccented_typed,negative,negative,positive,positive,positive,neutral,neutral,neutral,neutral,negative
c151,unaccented_typed,negative,negative,negative,negative,negative,negative,negative,negative,negative,negative
c152,unaccented_typed,negative,negative,negative,negative,neutral,neutral,neutral,neutral,neutral,neutral
c153,unaccented_typed,negative,negative,negative,neutral,neutral,neutral,neutral,neutral,neutral,negative
c154,unaccented_typed,negative,negative,negative,negative,neutral,neutral,neutral,neutral,neutral,negative
c155,unaccented_typed,negative,negative,negative,negative,neutral,negative,neutral,neutral,neutral,negative
c156,unaccented_typed,positive,positive,positive,positive,positive,neutral,neutral,neutral,neutral,positive
c157,unaccented_typed,negative,negative,negative,negative,negative,negative,negative,negative,negative,negative
c158,unaccented_typed,negative,negative,positive,positive,neutral,negative,negative,neutral,neutral,negative
c159,unaccented_typed,negative,negative,neutral,negative,neutral,neutral,neutral,neutral,neutral,negative
c160,unaccented_typed,negative,negative,negative,negative,neutral,neutral,neutral,neutral,neutral,negative
c161,unaccented_typed,neutral,positive,positive,positive,neutral,neutral,neutral,neutral,neutral,neutral
c162,unaccented_typed,negative,negative,negative,neutral,neutral,neutral,neutral,neutral,neutral,negative
c163,unaccented_typed,negative,negative,neutral,neutral,neutral,neutral,neutral,neutral,neutral,neutral
c164,unaccented_typed,negative,negative,positive,neutral,positive,neutral,neutral,neutral,neutral,neutral
c165,unaccented_typed,positive,positive,positive,positive,neutral,neutral,neutral,neutral,neutral,positive
c166,unaccented_typed,negative,positive,negative,negative,negative,neutral,negative,negative,negative,negative
c167,unaccented_typed,negative,positive,positive,positive,neutral,neutral,neutral,neutral,neutral,neutral
c168,unaccented_typed,positive,positive,positive,positive,positive,neutral,positive,neutral,neutral,neutral
c169,unaccented_typed,positive,positive,positive,positive,neutral,negative,negative,negative,neutral,positive
c170,unaccented_typed,negative,positive,positive,positive,positive,positive,neutral,neutral,neutral,positive
c171,teencode_typed,positive,positive,positive,positive,positive,positive,positive,positive,positive,positive
c172,teencode_typed,positive,positive,positive,positive,positive,positive,positive,positive,positive,positive
c173,teencode_typed,negative,negative,negative,negative,negative,negative,negative,negative,negative,negative
c174,teencode_typed,positive,positive,positive,positive,positive,positive,positive,positive,positive,positive
c175,teencode_typed,positive,positive,positive,positive,positive,positive,positive,positive,positive,positive
c176,teencode_typed,positive,positive,positive,positive,positive,positive,positive,positive,positive,positive
c177,teencode_typed,positive,positive,positive,positive,positive,positive,positive,positive,positive,positive
c178,teencode_typed,positive,positive,positive,positive,positive,positive,positive,positive,positive,positive
c179,teencode_typed,positive,positive,positive,positive,positive,positive,positive,positive,positive,positive
c180,teencode_typed,positive,positive,positive,positive,positive,positive,positive,positive,positive,positive
c181,teencode_typed,positive,positive,positive,positive,positive,positive,positive,positive,positive,positive
c182,teencode_typed,positive,positive,positive,positive,positive,positive,positive,positive,positive,positive
c183,teencode_typed,positive,positive,positive,positive,positive,positive,positive,negative,positive,positive
c184,teencode_typed,negative,positive,positive,positive,positive,positive,positive,positive,positive,positive
c185,teencode_typed,positive,positive,positive,positive,positive,positive,positive,positive,positive,positive
c186,teencode_typed,positive,positive,positive,positive,positive,positive,positive,positive,positive,positive
c187,teencode_typed,negative,negative,negative,negative,negative,negative,negative,negative,negative,negative
c188,teencode_typed,negative,negative,neutral,negative,negative,negative,neutral,negative,negative,neutral
c189,teencode_typed,negative,negative,negative,negative,negative,negative,negative,negative,negative,negative
c190,teencode_typed,negative,negative,negative,negative,negative,negative,negative,negative,negative,negative
c191,teencode_typed,negative,negative,negative,negative,negative,negative,negative,negative,negative,negative
c192,teencode_typed,negative,negative,negative,negative,negative,negative,negative,negative,negative,negative
c193,teencode_typed,negative,negative,negative,negative,negative,negative,negative,negative,negative,negative
c194,teencode_typed,negative,negative,negative,negative,negative,negative,negative,negative,negative,negative
c195,teencode_typed,negative,negative,negative,negative,negative,negative,negative,negative,negative,negative
c196,teencode_typed,negative,negative,negative,negative,negative,negative,negative,negative,negative,negative
c197,teencode_typed,negative,negative,negative,negative,negative,negative,negative,negative,negative,negative
c198,teencode_typed,negative,negative,negative,negative,negative,negative,negative,negative,negative,negative
c199,teencode_typed,negative,negative,negative,negative,negative,negative,negative,negative,negative,negative
c200,teencode_typed,negative,negative,negative,negative,negative,negative,negative,negative,negative,negative
c201,teencode_typed,negative,negative,negative,negative,negative,negative,negative,negative,negative,negative
c202,teencode_typed,negative,negative,negative,negative,negative,negative,negative,negative,negative,negative
c203,teencode_typed,neutral,neutral,neutral,neutral,neutral,neutral,neutral,neutral,neutral,neutral
c204,teencode_typed,negative,negative,neutral,neutral,negative,neutral,neutral,neutral,neutral,neutral
c205,teencode_typed,neutral,neutral,neutral,neutral,neutral,neutral,neutral,neutral,neutral,neutral
c206,teencode_typed,negative,negative,neutral,neutral,negative,negative,neutral,negative,neutral,negative
c207,teencode_typed,negative,neutral,neutral,negative,neutral,neutral,neutral,neutral,neutral,negative
c208,teencode_typed,negative,neutral,neutral,neutral,negative,negative,neutral,neutral,neutral,neutral
c209,teencode_typed,neutral,neutral,neutral,neutral,neutral,neutral,neutral,neutral,neutral,neutral
c210,teencode_typed,neutral,positive,neutral,positive,neutral,neutral,neutral,neutral,neutral,positive
c211,code_switch,negative,negative,positive,negative,negative,negative,negative,negative,negative,negative
c212,code_switch,negative,negative,negative,negative,negative,negative,negative,negative,negative,negative
c213,code_switch,positive,positive,positive,positive,positive,positive,positive,positive,positive,positive
c214,code_switch,positive,positive,positive,positive,positive,positive,positive,positive,positive,positive
c215,code_switch,positive,positive,positive,positive,positive,positive,positive,positive,positive,positive
c216,code_switch,negative,negative,negative,negative,negative,negative,negative,negative,negative,negative
c217,code_switch,positive,positive,positive,positive,positive,positive,positive,positive,positive,positive
c218,code_switch,negative,negative,negative,negative,negative,negative,negative,negative,negative,negative
c219,code_switch,positive,positive,positive,positive,positive,positive,positive,positive,positive,positive
c220,code_switch,negative,negative,negative,negative,negative,negative,neutral,negative,negative,negative
c221,code_switch,positive,positive,positive,positive,positive,positive,positive,positive,positive,positive
c222,code_switch,negative,negative,negative,negative,negative,negative,negative,negative,negative,negative
c223,code_switch,positive,positive,positive,positive,positive,positive,positive,positive,positive,positive
c224,code_switch,negative,negative,negative,negative,negative,negative,negative,negative,negative,negative
c225,code_switch,positive,positive,positive,positive,positive,positive,positive,positive,positive,positive
c226,code_switch,negative,negative,negative,negative,negative,negative,negative,negative,negative,negative
c227,code_switch,positive,positive,positive,positive,positive,positive,positive,positive,positive,positive
c228,code_switch,negative,negative,negative,negative,negative,negative,negative,negative,negative,negative
c229,code_switch,positive,positive,positive,positive,positive,positive,positive,positive,positive,positive
c230,code_switch,negative,negative,neutral,neutral,neutral,negative,negative,negative,negative,neutral
c231,code_switch,neutral,neutral,neutral,neutral,neutral,neutral,negative,neutral,neutral,neutral
c232,code_switch,negative,neutral,neutral,neutral,neutral,neutral,neutral,neutral,neutral,neutral
c233,code_switch,neutral,neutral,neutral,neutral,neutral,neutral,neutral,neutral,neutral,neutral
c234,code_switch,positive,positive,positive,positive,positive,positive,positive,positive,positive,positive
c235,code_switch,negative,negative,negative,negative,negative,negative,negative,negative,negative,negative
c236,long_context,negative,positive,negative,positive,positive,positive,positive,negative,negative,negative
c237,long_context,negative,negative,negative,negative,negative,negative,negative,negative,negative,negative
c238,long_context,negative,negative,negative,negative,negative,negative,negative,negative,negative,negative
c239,long_context,positive,positive,positive,positive,positive,positive,positive,positive,positive,positive
c240,long_context,negative,neutral,negative,neutral,neutral,neutral,negative,negative,neutral,neutral
c241,long_context,positive,positive,positive,positive,positive,positive,positive,positive,positive,positive
c242,long_context,negative,negative,negative,negative,negative,negative,negative,negative,negative,negative
c243,long_context,negative,negative,negative,negative,negative,negative,negative,negative,negative,negative
c244,long_context,negative,neutral,neutral,neutral,neutral,neutral,negative,negative,negative,neutral
c245,long_context,positive,positive,positive,positive,positive,positive,positive,positive,positive,positive
c246,long_context,negative,negative,negative,negative,negative,negative,negative,negative,negative,negative
c247,long_context,positive,positive,positive,positive,positive,positive,positive,positive,positive,positive
c248,long_context,negative,negative,negative,negative,negative,negative,negative,negative,negative,negative
c249,long_context,negative,negative,negative,negative,negative,negative,negative,negative,negative,negative
c250,long_context,positive,positive,positive,positive,positive,positive,positive,positive,positive,positive
c251,long_context,negative,negative,negative,negative,negative,negative,negative,negative,negative,negative
c252,long_context,negative,neutral,neutral,neutral,neutral,negative,neutral,neutral,neutral,neutral
c253,long_context,positive,positive,positive,positive,positive,positive,positive,positive,positive,positive
c254,long_context,negative,negative,negative,negative,negative,negative,negative,negative,negative,negative
c255,long_context,positive,positive,positive,positive,positive,positive,positive,positive,positive,positive
c256,objective_neutral,neutral,negative,neutral,neutral,neutral,negative,neutral,negative,neutral,negative
c257,objective_neutral,negative,neutral,neutral,neutral,neutral,neutral,neutral,neutral,neutral,neutral
c258,objective_neutral,neutral,neutral,neutral,neutral,neutral,neutral,neutral,neutral,neutral,neutral
c259,objective_neutral,neutral,neutral,neutral,neutral,neutral,neutral,neutral,neutral,neutral,neutral
c260,objective_neutral,negative,neutral,neutral,neutral,neutral,neutral,neutral,neutral,neutral,neutral
c261,objective_neutral,positive,positive,positive,positive,neutral,positive,positive,neutral,neutral,positive
c262,objective_neutral,neutral,neutral,neutral,neutral,neutral,neutral,neutral,neutral,neutral,neutral
c263,objective_neutral,negative,neutral,neutral,neutral,neutral,neutral,negative,negative,negative,negative
c264,objective_neutral,negative,negative,negative,negative,negative,negative,negative,negative,negative,negative
c265,objective_neutral,neutral,neutral,neutral,neutral,neutral,neutral,neutral,neutral,neutral,neutral
c266,objective_neutral,negative,neutral,neutral,neutral,neutral,neutral,neutral,negative,negative,neutral
c267,objective_neutral,neutral,neutral,neutral,neutral,neutral,neutral,neutral,neutral,neutral,neutral
c268,objective_neutral,neutral,neutral,neutral,neutral,neutral,neutral,neutral,neutral,neutral,neutral
c269,objective_neutral,negative,negative,neutral,neutral,neutral,neutral,neutral,neutral,neutral,neutral
c270,objective_neutral,neutral,neutral,neutral,neutral,neutral,neutral,neutral,neutral,neutral,negative
c271,objective_neutral,negative,neutral,neutral,neutral,neutral,neutral,neutral,neutral,neutral,neutral
c272,objective_neutral,negative,negative,negative,neutral,negative,neutral,neutral,negative,neutral,negative
c273,objective_neutral,negative,negative,negative,negative,neutral,negative,negative,negative,neutral,negative
c274,objective_neutral,neutral,neutral,neutral,neutral,neutral,neutral,neutral,neutral,neutral,neutral
c275,objective_neutral,neutral,neutral,neutral,neutral,neutral,neutral,neutral,neutral,neutral,neutral
c276,objective_neutral,neutral,neutral,neutral,neutral,neutral,neutral,neutral,neutral,neutral,neutral
c277,objective_neutral,negative,negative,negative,negative,negative,negative,negative,negative,negative,negative
c278,objective_neutral,neutral,neutral,neutral,neutral,neutral,neutral,neutral,neutral,neutral,neutral
c279,objective_neutral,negative,negative,negative,negative,negative,negative,negative,negative,negative,negative
c280,objective_neutral,negative,negative,negative,neutral,neutral,negative,negative,neutral,negative,negative
c281,objective_neutral,negative,negative,positive,positive,positive,negative,positive,positive,negative,positive
c282,objective_neutral,neutral,neutral,neutral,neutral,neutral,neutral,neutral,neutral,neutral,neutral
c283,objective_neutral,neutral,neutral,neutral,neutral,neutral,neutral,neutral,neutral,neutral,neutral
c284,objective_neutral,positive,neutral,neutral,neutral,neutral,neutral,neutral,neutral,neutral,neutral
c285,objective_neutral,negative,neutral,neutral,neutral,neutral,neutral,neutral,negative,neutral,neutral
c286,out_of_scope,negative,negative,negative,negative,negative,negative,negative,negative,negative,negative
c287,out_of_scope,neutral,neutral,neutral,neutral,neutral,neutral,neutral,neutral,neutral,neutral
c288,out_of_scope,negative,negative,negative,negative,negative,negative,negative,negative,negative,negative
c289,out_of_scope,negative,positive,negative,negative,positive,positive,positive,positive,positive,positive
c290,out_of_scope,negative,negative,negative,negative,negative,negative,negative,negative,negative,negative
c291,out_of_scope,positive,positive,positive,positive,positive,positive,positive,positive,positive,positive
c292,out_of_scope,negative,neutral,neutral,neutral,negative,negative,negative,neutral,neutral,negative
c293,out_of_scope,negative,neutral,negative,neutral,negative,neutral,negative,negative,neutral,neutral
c294,out_of_scope,positive,positive,positive,positive,positive,positive,positive,positive,positive,positive
c295,out_of_scope,negative,negative,negative,negative,negative,negative,negative,negative,negative,negative
c296,out_of_scope,negative,negative,negative,negative,negative,negative,negative,negative,negative,negative
c297,out_of_scope,negative,neutral,neutral,neutral,neutral,neutral,negative,negative,negative,neutral
c298,out_of_scope,negative,neutral,negative,positive,positive,positive,neutral,positive,neutral,neutral
c299,out_of_scope,negative,neutral,neutral,neutral,negative,neutral,neutral,neutral,neutral,neutral
c300,out_of_scope,negative,negative,negative,negative,negative,negative,negative,negative,neutral,negative
c301,out_of_scope,positive,positive,positive,positive,positive,positive,positive,positive,positive,positive
c302,out_of_scope,negative,neutral,neutral,neutral,neutral,neutral,neutral,neutral,neutral,neutral
c303,out_of_scope,neutral,neutral,neutral,neutral,neutral,neutral,neutral,neutral,neutral,neutral
c304,out_of_scope,negative,negative,negative,negative,negative,negative,negative,negative,negative,negative
c305,out_of_scope,positive,neutral,positive,positive,positive,positive,neutral,positive,positive,positive
