task,model,preprocessing,recipe,split,n_seeds,seeds,macro_f1_mean,macro_f1_std,macro_f1_min,macro_f1_max,weighted_f1_mean,weighted_f1_std,weighted_f1_min,weighted_f1_max,accuracy_mean,accuracy_std,accuracy_min,accuracy_max,balanced_accuracy_mean,balanced_accuracy_std,balanced_accuracy_min,balanced_accuracy_max,mcc_mean,mcc_std,mcc_min,mcc_max
sentiment,b0,raw,base,validation,1,42,0.2247,,0.2247,0.2247,0.3429,,0.3429,0.3429,0.5085,,0.5085,0.5085,0.3333,,0.3333,0.3333,0,,0,0
sentiment,b0b,raw,base,validation,1,42,0.3472,,0.3472,0.3472,0.4739,,0.4739,0.4739,0.4738,,0.4738,0.4738,0.3474,,0.3474,0.3474,0.0288,,0.0288,0.0288
sentiment,b1,raw,base,validation,1,42,0.7366,,0.7366,0.7366,0.9023,,0.9023,0.9023,0.9103,,0.9103,0.9103,0.7104,,0.7104,0.7104,0.8317,,0.8317,0.8317
sentiment,b1,raw,threshold-tuned,validation,1,42,0.772,,0.772,0.772,0.9038,,0.9038,0.9038,0.9002,,0.9002,0.9002,0.7936,,0.7936,0.7936,0.8181,,0.8181,0.8181
sentiment,b2,raw,base,validation,1,42,0.7526,,0.7526,0.7526,0.9005,,0.9005,0.9005,0.9052,,0.9052,0.9052,0.7314,,0.7314,0.7314,0.8227,,0.8227,0.8227
sentiment,b2,raw,threshold-tuned,validation,1,42,0.7761,,0.7761,0.7761,0.8942,,0.8942,0.8942,0.8882,,0.8882,0.8882,0.8201,,0.8201,0.8201,0.8021,,0.8021,0.8021
sentiment,b3,raw,base,test,1,42,0.7267,,0.7267,0.7267,0.8856,,0.8856,0.8856,0.8939,,0.8939,0.8939,0.7041,,0.7041,0.7041,0.8034,,0.8034,0.8034
sentiment,b3,raw,base,validation,1,42,0.7547,,0.7547,0.7547,0.9064,,0.9064,0.9064,0.9109,,0.9109,0.9109,0.7355,,0.7355,0.7355,0.8335,,0.8335,0.8335
sentiment,b3,raw,dev-fitted-priors,test,1,42,0.745,,0.745,0.745,0.8817,,0.8817,0.8817,0.8834,,0.8834,0.8834,0.7388,,0.7388,0.7388,0.7903,,0.7903,0.7903
sentiment,b3,raw,threshold-tuned,validation,1,42,0.7823,,0.7823,0.7823,0.9058,,0.9058,0.9058,0.9046,,0.9046,0.9046,0.7902,,0.7902,0.7902,0.8269,,0.8269,0.8269
sentiment,b4,raw,base,test,1,42,0.7181,,0.7181,0.7181,0.8851,,0.8851,0.8851,0.8948,,0.8948,0.8948,0.6959,,0.6959,0.6959,0.805,,0.805,0.805
sentiment,b4,raw,base,validation,1,42,0.7637,,0.7637,0.7637,0.9067,,0.9067,0.9067,0.9122,,0.9122,0.9122,0.7365,,0.7365,0.7365,0.8355,,0.8355,0.8355
sentiment,b5,raw,base,validation,1,42,0.7679,,0.7679,0.7679,0.8988,,0.8988,0.8988,0.8945,,0.8945,0.8945,0.7938,,0.7938,0.7938,0.8084,,0.8084,0.8084
sentiment,b5,raw,threshold-tuned,validation,1,42,0.7745,,0.7745,0.7745,0.9006,,0.9006,0.9006,0.8964,,0.8964,0.8964,0.8012,,0.8012,0.8012,0.8151,,0.8151,0.8151
sentiment,phobert-base,raw,base,validation,5,"7,42,1337,2024,31337",0.84364,0.00786848,0.8355,0.8566,0.94268,0.00204377,0.9402,0.9457,0.9449,0.00211424,0.9425,0.9482,0.81884,0.00539565,0.8131,0.8254,0.89744,0.00391254,0.8929,0.9035
sentiment,phobert-base,seg_pyvi,aug-diac-teen,test,5,"7,42,1337,2024,31337",0.82964,0.00712867,0.8179,0.8371,0.9365,0.00247285,0.9343,0.9402,0.94004,0.00217899,0.9384,0.9435,0.80222,0.00947534,0.7884,0.8116,0.88938,0.00399712,0.8863,0.8957
sentiment,phobert-base,seg_pyvi,aug-diac-teen,validation,5,"7,42,1337,2024,31337",0.86848,0.00700443,0.8609,0.8795,0.9524,0.00221359,0.9493,0.9555,0.95426,0.00204034,0.9514,0.957,0.8419,0.0079599,0.8341,0.8545,0.91488,0.00389962,0.9094,0.9201
sentiment,phobert-base,seg_pyvi,base,test,5,"7,42,1337,2024,31337",0.8288,0.010788,0.8151,0.8437,0.9371,0.00313289,0.9328,0.9412,0.94112,0.00263856,0.9371,0.9441,0.79872,0.0116412,0.7873,0.8172,0.89134,0.00492169,0.8839,0.897
sentiment,phobert-base,seg_pyvi,base,validation,5,"7,42,1337,2024,31337",0.86428,0.00979066,0.8494,0.875,0.95122,0.00181714,0.9496,0.9538,0.95312,0.00141669,0.9514,0.9551,0.83866,0.0133951,0.8186,0.8532,0.9128,0.00271937,0.9095,0.9166
sentiment,phobert-base,seg_pyvi,crt,validation,5,"7,42,1337,2024,31337",0.86486,0.00248355,0.863,0.869,0.95046,0.00181191,0.9482,0.9525,0.94986,0.0024079,0.9469,0.952,0.8733,0.012504,0.859,0.8926,0.90772,0.00403448,0.9033,0.9116
sentiment,phobert-base,seg_pyvi,logit-adjust,validation,3,"42,1337,2024",0.864067,0.010116,0.8524,0.8704,0.951633,0.00357258,0.9476,0.9544,0.951567,0.00408575,0.9469,0.9545,0.8645,0.00460326,0.86,0.8692,0.910567,0.00725902,0.9023,0.9159
sentiment,phobert-base,seg_pyvi,mtl-l0.3,validation,3,"42,1337,2024",0.862467,0.00620672,0.8583,0.8696,0.951633,0.00195021,0.9494,0.953,0.9539,0.00226053,0.9514,0.9558,0.833133,0.00779508,0.8249,0.8404,0.914133,0.00427122,0.9094,0.9177
sentiment,phobert-base,seg_pyvi,mtl-l1,validation,3,"42,1337,2024",0.855667,0.0112256,0.8472,0.8684,0.949167,0.00226789,0.9466,0.9509,0.951567,0.00178979,0.9495,0.9526,0.827267,0.0139962,0.8162,0.843,0.9098,0.0034641,0.9058,0.9118
sentiment,phobert-base,seg_underthesea,base,validation,5,"7,42,1337,2024,31337",0.86184,0.0063153,0.8552,0.8695,0.95062,0.00171959,0.948,0.9527,0.95238,0.00146185,0.9501,0.9539,0.83894,0.00945029,0.8292,0.8524,0.91144,0.00275917,0.9071,0.9144
sentiment,phobert-base,seg_vncorenlp,base,test,5,"7,42,1337,2024,31337",0.83732,0.00313321,0.8334,0.8414,0.93908,0.00200425,0.9368,0.9409,0.94214,0.00228429,0.9394,0.9444,0.81152,0.00372988,0.8071,0.8157,0.89334,0.00413679,0.8885,0.8974
sentiment,phobert-base,seg_vncorenlp,base,validation,5,"7,42,1337,2024,31337",0.86706,0.00726588,0.8598,0.8751,0.95292,0.00247629,0.95,0.9558,0.95452,0.00263572,0.952,0.9577,0.84458,0.00629063,0.8346,0.8516,0.91548,0.00486025,0.9107,0.9213
sentiment,phobert-large,seg_pyvi,base,validation,5,"7,42,1337,2024,31337",0.85604,0.00356272,0.852,0.8604,0.95088,0.000277489,0.9506,0.9513,0.95342,0.000268328,0.9533,0.9539,0.82644,0.00339603,0.823,0.8312,0.91316,0.000527257,0.9129,0.9141
sentiment,xlmr-base,raw,base,validation,5,"7,42,1337,2024,31337",0.84994,0.00479667,0.8422,0.8546,0.94476,0.00212791,0.9421,0.9473,0.94668,0.00231452,0.9438,0.9495,0.82742,0.00605326,0.8186,0.8336,0.90078,0.00426228,0.8954,0.9059
sentiment,xlmr-base,seg_pyvi,base,validation,5,"7,42,1337,2024,31337",0.84028,0.00632076,0.8329,0.8499,0.94212,0.00186869,0.9405,0.9453,0.9448,0.00159374,0.9438,0.9476,0.812,0.00816303,0.8039,0.8232,0.89706,0.00297372,0.8951,0.9023
topic,b0,raw,base,validation,1,42,0.2105,,0.2105,0.2105,0.6122,,0.6122,0.6122,0.7271,,0.7271,0.7271,0.25,,0.25,0.25,0,,0,0
topic,b0b,raw,base,validation,1,42,0.2373,,0.2373,0.2373,0.5428,,0.5428,0.5428,0.5395,,0.5395,0.5395,0.2378,,0.2378,0.2378,-0.0371,,-0.0371,-0.0371
topic,b1,raw,base,validation,1,42,0.7486,,0.7486,0.7486,0.8704,,0.8704,0.8704,0.8768,,0.8768,0.8768,0.7243,,0.7243,0.7243,0.7107,,0.7107,0.7107
topic,b1,raw,threshold-tuned,validation,1,42,0.7699,,0.7699,0.7699,0.875,,0.875,0.875,0.8787,,0.8787,0.8787,0.7557,,0.7557,0.7557,0.7205,,0.7205,0.7205
topic,b2,raw,base,validation,1,42,0.7345,,0.7345,0.7345,0.8525,,0.8525,0.8525,0.8579,,0.8579,0.8579,0.7027,,0.7027,0.7027,0.6642,,0.6642,0.6642
topic,b2,raw,threshold-tuned,validation,1,42,0.7541,,0.7541,0.7541,0.857,,0.857,0.857,0.8629,,0.8629,0.8629,0.7388,,0.7388,0.7388,0.6746,,0.6746,0.6746
topic,b3,raw,base,test,1,42,0.7387,,0.7387,0.7387,0.8567,,0.8567,0.8567,0.8607,,0.8607,0.8607,0.7139,,0.7139,0.7139,0.6746,,0.6746,0.6746
topic,b3,raw,base,validation,1,42,0.7529,,0.7529,0.7529,0.8667,,0.8667,0.8667,0.8711,,0.8711,0.8711,0.7258,,0.7258,0.7258,0.6981,,0.6981,0.6981
topic,b3,raw,dev-fitted-priors,test,1,42,0.7398,,0.7398,0.7398,0.8569,,0.8569,0.8569,0.8588,,0.8588,0.8588,0.732,,0.732,0.732,0.681,,0.681,0.681
topic,b3,raw,threshold-tuned,validation,1,42,0.7741,,0.7741,0.7741,0.8723,,0.8723,0.8723,0.8749,,0.8749,0.8749,0.7638,,0.7638,0.7638,0.7161,,0.7161,0.7161
topic,b4,raw,base,test,1,42,0.7423,,0.7423,0.7423,0.8596,,0.8596,0.8596,0.8645,,0.8645,0.8645,0.7226,,0.7226,0.7226,0.6833,,0.6833,0.6833
topic,b4,raw,base,validation,1,42,0.7682,,0.7682,0.7682,0.8745,,0.8745,0.8745,0.88,,0.88,0.88,0.7503,,0.7503,0.7503,0.7197,,0.7197,0.7197
topic,b5,raw,base,validation,1,42,0.7442,,0.7442,0.7442,0.8474,,0.8474,0.8474,0.8395,,0.8395,0.8395,0.7851,,0.7851,0.7851,0.6727,,0.6727,0.6727
topic,b5,raw,threshold-tuned,validation,1,42,0.7648,,0.7648,0.7648,0.8715,,0.8715,0.8715,0.8781,,0.8781,0.8781,0.7413,,0.7413,0.7413,0.7091,,0.7091,0.7091
topic,phobert-base,raw,base,validation,5,"7,42,1337,2024,31337",0.79708,0.0017936,0.7948,0.7989,0.88886,0.00249259,0.8846,0.8911,0.89058,0.00278155,0.8857,0.8926,0.78426,0.00351895,0.7811,0.7899,0.7496,0.00526308,0.7413,0.7557
topic,phobert-base,seg_pyvi,base,test,5,"7,42,1337,2024,31337",0.80378,0.00454115,0.7966,0.809,0.8932,0.0016568,0.8908,0.8953,0.89508,0.00187936,0.8929,0.898,0.79362,0.00515723,0.7888,0.8002,0.75978,0.00335887,0.7558,0.765
topic,phobert-base,seg_pyvi,base,validation,5,"7,42,1337,2024,31337",0.81114,0.00479562,0.8058,0.8173,0.8956,0.00216679,0.8935,0.899,0.89728,0.00221292,0.8951,0.9008,0.80204,0.00885596,0.7882,0.811,0.76434,0.00518874,0.7584,0.7723
topic,phobert-base,seg_pyvi,mtl-l0.3,validation,3,"42,1337,2024",0.8129,0.003005,0.8106,0.8163,0.898067,0.00222336,0.8955,0.8994,0.901633,0.00238607,0.8989,0.9033,0.789867,0.00641665,0.7832,0.796,0.7706,0.00545802,0.7643,0.7739
topic,phobert-base,seg_pyvi,mtl-l1,validation,3,"42,1337,2024",0.815433,0.000832666,0.8145,0.8161,0.8958,0.00507149,0.8922,0.9016,0.898067,0.00740968,0.8926,0.9065,0.802233,0.0147595,0.7855,0.8134,0.767367,0.0121722,0.7588,0.7813
