row,id,pred,p_negative,p_neutral,p_positive
0,c001,positive,0.0,0.0,1.0
1,c002,negative,1.0,0.0,0.0
2,c003,positive,0.0,0.0,1.0
3,c004,negative,0.99999,1e-05,0.0
4,c005,positive,0.0,0.0,1.0
5,c006,negative,0.99999,1e-05,0.0
6,c007,negative,0.99997,3e-05,0.0
7,c008,positive,0.0,0.0,1.0
8,c009,negative,1.0,0.0,0.0
9,c010,positive,0.00141,0.0,0.99859
10,c011,negative,1.0,0.0,0.0
11,c012,positive,1e-05,0.0,0.99999
12,c013,positive,0.0,0.0,1.0
13,c014,negative,1.0,0.0,0.0
14,c015,positive,0.0,0.0,1.0
15,c016,negative,1.0,0.0,0.0
16,c017,negative,1.0,0.0,0.0
17,c018,positive,2e-05,0.0,0.99998
18,c019,negative,0.9914,0.00858,2e-05
19,c020,positive,3e-05,0.21206,0.78791
20,c021,positive,0.0,0.0,1.0
21,c022,negative,1.0,0.0,0.0
22,c023,negative,1.0,0.0,0.0
23,c024,positive,1e-05,0.00021,0.99978
24,c025,positive,0.0,0.0,1.0
25,c026,negative,1.0,0.0,0.0
26,c027,negative,1.0,0.0,0.0
27,c028,negative,0.70336,0.19532,0.10133
28,c029,positive,2e-05,0.00218,0.99779
29,c030,negative,1.0,0.0,0.0
30,c031,negative,0.99875,0.00124,0.0
31,c032,positive,0.00061,0.00289,0.99651
32,c033,negative,0.99933,0.00067,0.0
33,c034,positive,1e-05,0.0,0.99999
34,c035,positive,0.01183,0.01833,0.96984
35,c036,negative,0.9983,0.0017,0.0
36,c037,negative,0.97769,0.02229,3e-05
37,c038,negative,0.85803,0.11981,0.02216
38,c039,negative,0.96146,0.03846,8e-05
39,c040,positive,0.0,0.0,1.0
40,c041,neutral,0.00317,0.99658,0.00025
41,c042,negative,1.0,0.0,0.0
42,c043,negative,0.99995,3e-05,2e-05
43,c044,neutral,0.00033,0.99966,1e-05
44,c045,negative,0.99993,7e-05,0.0
45,c046,neutral,0.16779,0.8259,0.00631
46,c047,positive,0.0,0.0,1.0
47,c048,negative,0.99957,0.00043,0.0
48,c049,negative,0.99993,7e-05,0.0
49,c050,positive,0.02225,0.00147,0.97628
50,c051,neutral,0.00094,0.99893,0.00013
51,c052,negative,0.99673,0.00327,0.0
52,c053,neutral,0.00067,0.99933,0.0
53,c054,negative,0.99973,0.00027,0.0
54,c055,neutral,3e-05,0.9993,0.00067
55,c056,positive,4e-05,0.0,0.99995
56,c057,negative,0.99524,0.00476,0.0
57,c058,negative,0.99812,0.00187,1e-05
58,c059,positive,0.0,0.0,1.0
59,c060,negative,1.0,0.0,0.0
60,c061,neutral,0.00416,0.72185,0.27399
61,c062,negative,0.99992,8e-05,0.0
62,c063,negative,0.99991,9e-05,0.0
63,c064,neutral,5e-05,0.99986,8e-05
64,c065,negative,0.67661,0.31961,0.00378
65,c066,negative,0.99988,0.00012,0.0
66,c067,negative,0.98752,0.01243,4e-05
67,c068,negative,1.0,0.0,0.0
68,c069,neutral,0.40603,0.59077,0.0032
69,c070,negative,0.66541,0.33459,0.0
70,c071,negative,1.0,0.0,0.0
71,c072,negative,1.0,0.0,0.0
72,c073,negative,1.0,0.0,0.0
73,c074,negative,1.0,0.0,0.0
74,c075,negative,1.0,0.0,0.0
75,c076,negative,1.0,0.0,0.0
76,c077,negative,1.0,0.0,0.0
77,c078,negative,1.0,0.0,0.0
78,c079,negative,1.0,0.0,0.0
79,c080,negative,1.0,0.0,0.0
80,c081,negative,1.0,0.0,0.0
81,c082,negative,1.0,0.0,0.0
82,c083,negative,1.0,0.0,0.0
83,c084,negative,1.0,0.0,0.0
84,c085,negative,1.0,0.0,0.0
85,c086,negative,1.0,0.0,0.0
86,c087,negative,1.0,0.0,0.0
87,c088,negative,1.0,0.0,0.0
88,c089,negative,1.0,0.0,0.0
89,c090,negative,1.0,0.0,0.0
90,c091,negative,0.99998,2e-05,0.0
91,c092,negative,1.0,0.0,0.0
92,c093,negative,0.99999,1e-05,0.0
93,c094,negative,1.0,0.0,0.0
94,c095,negative,0.99999,1e-05,0.0
95,c096,negative,0.99947,0.00052,1e-05
96,c097,negative,0.99998,1e-05,1e-05
97,c098,negative,0.84895,0.03615,0.11489
98,c099,positive,8e-05,0.00359,0.99632
99,c100,negative,0.99998,1e-05,0.0
100,c101,negative,1.0,0.0,0.0
101,c102,positive,0.00116,0.04204,0.95681
102,c103,negative,1.0,0.0,0.0
103,c104,negative,1.0,0.0,0.0
104,c105,negative,0.99999,1e-05,0.0
105,c106,negative,0.99964,0.00036,0.0
106,c107,neutral,4e-05,0.99995,1e-05
107,c108,negative,0.99965,0.00034,1e-05
108,c109,positive,0.43493,0.04045,0.52462
109,c110,positive,4e-05,0.01243,0.98753
110,c111,neutral,1e-05,0.99898,0.001
111,c112,neutral,0.06752,0.93208,0.0004
112,c113,positive,4e-05,0.00181,0.99815
113,c114,neutral,0.0,1.0,0.0
114,c115,neutral,0.0,1.0,0.0
115,c116,neutral,0.0,1.0,0.0
116,c117,neutral,0.0,1.0,0.0
117,c118,neutral,0.0,1.0,0.0
118,c119,neutral,0.0,1.0,0.0
119,c120,neutral,0.0,1.0,0.0
120,c121,negative,0.99951,0.0,0.00049
121,c122,neutral,0.05184,0.94808,8e-05
122,c123,positive,0.0,0.0,1.0
123,c124,positive,0.0,0.0,1.0
124,c125,neutral,0.00219,0.88526,0.11255
125,c126,positive,0.0,0.0,1.0
126,c127,positive,0.0,0.0,1.0
127,c128,negative,0.93611,0.0637,0.00018
128,c129,negative,0.83804,0.15994,0.00201
129,c130,positive,0.0,0.0,1.0
130,c131,positive,2e-05,0.0,0.99997
131,c132,positive,0.0,0.0,1.0
132,c133,neutral,0.1732,0.8263,0.0005
133,c134,negative,0.99843,0.00155,2e-05
134,c135,negative,0.99801,0.00199,0.0
135,c136,positive,0.0,0.0,1.0
136,c137,neutral,0.08483,0.91198,0.00319
137,c138,negative,0.973,0.02593,0.00107
138,c139,positive,6e-05,0.00013,0.99981
139,c140,negative,0.935,0.00522,0.05977
140,c141,negative,0.99999,1e-05,0.0
141,c142,negative,0.98901,0.01099,0.0
142,c143,neutral,0.36258,0.63634,0.00108
143,c144,neutral,0.00885,0.9911,6e-05
144,c145,negative,1.0,0.0,0.0
145,c146,neutral,0.19682,0.80314,4e-05
146,c147,negative,1.0,0.0,0.0
147,c148,negative,1.0,0.0,0.0
148,c149,negative,0.99997,3e-05,0.0
149,c150,negative,1.0,0.0,0.0
150,c151,negative,1.0,0.0,0.0
151,c152,negative,0.99947,0.00044,8e-05
152,c153,negative,1.0,0.0,0.0
153,c154,negative,0.9989,0.0011,0.0
154,c155,negative,0.99975,0.00025,0.0
155,c156,neutral,0.30708,0.69201,0.00092
156,c157,positive,0.22409,0.01783,0.75808
157,c158,negative,0.99998,2e-05,0.0
158,c159,negative,0.99331,0.00669,0.0
159,c160,negative,0.99929,0.00071,0.0
160,c161,neutral,0.0,1.0,0.0
161,c162,neutral,0.0,1.0,0.0
162,c163,neutral,0.0,1.0,0.0
163,c164,neutral,0.0,1.0,0.0
164,c165,neutral,0.00025,0.99854,0.00121
165,c166,neutral,0.01364,0.98636,0.0
166,c167,neutral,0.0,1.0,0.0
167,c168,neutral,0.0,1.0,0.0
168,c169,neutral,0.00042,0.99953,5e-05
169,c170,neutral,0.0,1.0,0.0
170,c171,positive,0.0,0.0,1.0
171,c172,positive,0.0,0.0,1.0
172,c173,positive,0.0,0.0,1.0
173,c174,positive,0.0,0.0,1.0
174,c175,positive,0.19301,0.37204,0.43495
175,c176,positive,0.00031,0.0,0.99969
176,c177,positive,0.0,0.0,1.0
177,c178,positive,0.0,0.0,1.0
178,c179,positive,0.0,0.0,1.0
179,c180,positive,0.0,0.0,1.0
180,c181,positive,0.0,0.0,1.0
181,c182,neutral,0.05523,0.67289,0.27187
182,c183,positive,0.0,0.0,1.0
183,c184,positive,0.0,0.0,1.0
184,c185,positive,0.0,0.0,1.0
185,c186,positive,0.0,0.0,1.0
186,c187,negative,1.0,0.0,0.0
187,c188,negative,0.99986,0.00014,0.0
188,c189,negative,1.0,0.0,0.0
189,c190,negative,1.0,0.0,0.0
190,c191,negative,1.0,0.0,0.0
191,c192,negative,1.0,0.0,0.0
192,c193,negative,1.0,0.0,0.0
193,c194,negative,1.0,0.0,0.0
194,c195,negative,0.99954,0.00046,0.0
195,c196,negative,1.0,0.0,0.0
196,c197,negative,1.0,0.0,0.0
197,c198,negative,1.0,0.0,0.0
198,c199,neutral,0.00712,0.99288,0.0
199,c200,negative,0.99997,3e-05,0.0
200,c201,negative,0.99999,1e-05,0.0
201,c202,negative,1.0,0.0,0.0
202,c203,neutral,0.0,1.0,0.0
203,c204,neutral,0.0,1.0,0.0
204,c205,neutral,0.0,1.0,0.0
205,c206,neutral,0.0,1.0,0.0
206,c207,neutral,0.0,1.0,0.0
207,c208,neutral,0.0,1.0,0.0
208,c209,neutral,0.0,1.0,0.0
209,c210,neutral,0.0,1.0,0.0
210,c211,positive,0.0,0.0,1.0
211,c212,negative,1.0,0.0,0.0
212,c213,positive,0.0,0.0,1.0
213,c214,positive,0.0,0.00094,0.99906
214,c215,positive,0.0,0.0,1.0
215,c216,negative,1.0,0.0,0.0
216,c217,positive,0.0,0.0,1.0
217,c218,negative,1.0,0.0,0.0
218,c219,positive,0.0,0.0,1.0
219,c220,negative,1.0,0.0,0.0
220,c221,positive,0.0,0.0,1.0
221,c222,negative,1.0,0.0,0.0
222,c223,positive,0.0,0.0,1.0
223,c224,negative,0.99978,0.00022,0.0
224,c225,positive,0.0,0.0,1.0
225,c226,negative,1.0,0.0,0.0
226,c227,positive,0.0,0.0,1.0
227,c228,negative,0.99999,1e-05,0.0
228,c229,positive,0.0,0.0,1.0
229,c230,neutral,0.0,1.0,0.0
230,c231,neutral,0.0,1.0,0.0
231,c232,neutral,0.0,1.0,0.0
232,c233,neutral,0.0,1.0,0.0
233,c234,positive,0.0,0.0,1.0
234,c235,negative,0.63703,0.36297,0.0
235,c236,neutral,0.00042,0.8516,0.14799
236,c237,negative,1.0,0.0,0.0
237,c238,negative,1.0,0.0,0.0
238,c239,positive,0.0,0.0,1.0
239,c240,neutral,0.0,1.0,0.0
240,c241,positive,0.0,0.0,1.0
241,c242,negative,1.0,0.0,0.0
242,c243,negative,1.0,0.0,0.0
243,c244,neutral,0.0,1.0,0.0
244,c245,positive,0.0,0.0,1.0
245,c246,negative,1.0,0.0,0.0
246,c247,positive,0.0,0.0,1.0
247,c248,negative,1.0,0.0,0.0
248,c249,neutral,0.0,1.0,0.0
249,c250,positive,0.0,0.0,1.0
250,c251,negative,1.0,0.0,0.0
251,c252,neutral,0.0,1.0,0.0
252,c253,positive,0.0,0.0,1.0
253,c254,negative,1.0,0.0,0.0
254,c255,positive,0.0,1e-05,0.99999
255,c256,neutral,0.0,1.0,0.0
256,c257,neutral,0.0,1.0,0.0
257,c258,neutral,0.0,1.0,0.0
258,c259,neutral,0.0,1.0,0.0
259,c260,neutral,0.0,1.0,0.0
260,c261,neutral,0.0,1.0,0.0
261,c262,neutral,0.0,1.0,0.0
262,c263,neutral,0.0,1.0,0.0
263,c264,neutral,3e-05,0.99997,0.0
264,c265,neutral,0.0,1.0,0.0
265,c266,neutral,0.03309,0.96691,0.0
266,c267,neutral,0.0,1.0,0.0
267,c268,neutral,0.0,1.0,0.0
268,c269,neutral,0.0,1.0,0.0
269,c270,neutral,0.0,1.0,0.0
270,c271,neutral,0.0,1.0,0.0
271,c272,neutral,0.00022,0.99978,0.0
272,c273,neutral,0.0,1.0,0.0
273,c274,neutral,0.0,1.0,0.0
274,c275,neutral,0.0,1.0,0.0
275,c276,neutral,0.0,1.0,0.0
276,c277,neutral,0.0,1.0,0.0
277,c278,neutral,0.0,1.0,0.0
278,c279,neutral,0.0,1.0,0.0
279,c280,neutral,0.0,1.0,0.0
280,c281,neutral,0.0,1.0,0.0
281,c282,neutral,0.0,1.0,0.0
282,c283,neutral,0.0,1.0,0.0
283,c284,neutral,0.0,0.9939,0.0061
284,c285,neutral,0.0,1.0,0.0
285,c286,neutral,0.0,1.0,0.0
286,c287,neutral,0.0,1.0,0.0
287,c288,neutral,5e-05,0.99995,0.0
288,c289,positive,0.00061,0.11273,0.88666
289,c290,neutral,1e-05,0.99999,0.0
290,c291,neutral,2e-05,0.99997,1e-05
291,c292,neutral,0.0,1.0,0.0
292,c293,neutral,0.0,1.0,0.0
293,c294,neutral,0.0,1.0,0.0
294,c295,neutral,0.0,1.0,0.0
295,c296,negative,0.99991,9e-05,0.0
296,c297,neutral,0.0,1.0,0.0
297,c298,positive,3e-05,0.0827,0.91728
298,c299,neutral,0.0,1.0,0.0
299,c300,neutral,0.0,1.0,0.0
300,c301,neutral,7e-05,0.99982,0.00012
301,c302,neutral,0.0,1.0,0.0
302,c303,neutral,0.0,1.0,0.0
303,c304,neutral,0.00043,0.99957,0.0
304,c305,neutral,0.0,1.0,0.0
