run_id,config_hash,date,phase,task,model,preprocessing,recipe,seed,split,macro_f1,weighted_f1,accuracy,balanced_accuracy,mcc,macro_f1_ci_low,macro_f1_ci_high,p95_ms,size_mb,fit_seconds,notes,git_sha
p1-sent-b0-raw-base-s42-val,,2026-09-22,P1,sentiment,b0,raw,base,42,validation,0.2247,0.3429,0.5085,0.3333,0.0,0.217,0.2317,,,0.0,B0 majority class,42ed392323e6d8b96262fbc60e5df42a05bf3573
p1-sent-b0b-raw-base-s42-val,,2026-09-22,P1,sentiment,b0b,raw,base,42,validation,0.3472,0.4739,0.4738,0.3474,0.0288,0.3234,0.372,,,0.0,B0b stratified random,42ed392323e6d8b96262fbc60e5df42a05bf3573
p1-sent-b1-raw-base-s42-val,,2026-09-22,P1,sentiment,b1,raw,base,42,validation,0.7366,0.9023,0.9103,0.7104,0.8317,0.694,0.7784,,,42.9,B1 TF-IDF word 1-2g + LR,42ed392323e6d8b96262fbc60e5df42a05bf3573
p1-sent-b1-raw-thresh-s42-val,,2026-09-22,P1,sentiment,b1,raw,threshold-tuned,42,validation,0.772,0.9038,0.9002,0.7936,0.8181,0.7375,0.8055,,,42.9,per-class priors tuned on dev for macro-F1,42ed392323e6d8b96262fbc60e5df42a05bf3573
p1-sent-b2-raw-base-s42-val,,2026-09-22,P1,sentiment,b2,raw,base,42,validation,0.7526,0.9005,0.9052,0.7314,0.8227,0.7118,0.7931,,,18.45,B2 TF-IDF char_wb 3-5g + LR,42ed392323e6d8b96262fbc60e5df42a05bf3573
p1-sent-b2-raw-thresh-s42-val,,2026-09-22,P1,sentiment,b2,raw,threshold-tuned,42,validation,0.7761,0.8942,0.8882,0.8201,0.8021,0.7424,0.8084,,,18.45,per-class priors tuned on dev for macro-F1,42ed392323e6d8b96262fbc60e5df42a05bf3573
p1-sent-b3-raw-base-s42-val,,2026-09-22,P1,sentiment,b3,raw,base,42,validation,0.7547,0.9064,0.9109,0.7355,0.8335,0.7136,0.7941,,,8.99,B3 TF-IDF word+char union + LR,42ed392323e6d8b96262fbc60e5df42a05bf3573
p1-sent-b3-raw-thresh-s42-val,,2026-09-22,P1,sentiment,b3,raw,threshold-tuned,42,validation,0.7823,0.9058,0.9046,0.7902,0.8269,0.7455,0.815,,,8.99,per-class priors tuned on dev for macro-F1,42ed392323e6d8b96262fbc60e5df42a05bf3573
p1-sent-b4-raw-base-s42-val,,2026-09-22,P1,sentiment,b4,raw,base,42,validation,0.7637,0.9067,0.9122,0.7365,0.8355,0.7208,0.8021,,,5.05,B4 TF-IDF union + LinearSVC,42ed392323e6d8b96262fbc60e5df42a05bf3573
p1-sent-b5-raw-base-s42-val,,2026-09-22,P1,sentiment,b5,raw,base,42,validation,0.7679,0.8988,0.8945,0.7938,0.8084,0.7329,0.8014,,,8.32,"B5 TF-IDF union + LR, class-weighted",42ed392323e6d8b96262fbc60e5df42a05bf3573
p1-sent-b5-raw-thresh-s42-val,,2026-09-22,P1,sentiment,b5,raw,threshold-tuned,42,validation,0.7745,0.9006,0.8964,0.8012,0.8151,0.7399,0.8057,,,8.32,per-class priors tuned on dev for macro-F1,42ed392323e6d8b96262fbc60e5df42a05bf3573
p1-topi-b0-raw-base-s42-val,,2026-09-22,P1,topic,b0,raw,base,42,validation,0.2105,0.6122,0.7271,0.25,0.0,0.2068,0.2141,,,0.0,B0 majority class,42ed392323e6d8b96262fbc60e5df42a05bf3573
p1-topi-b0b-raw-base-s42-val,,2026-09-22,P1,topic,b0b,raw,base,42,validation,0.2373,0.5428,0.5395,0.2378,-0.0371,0.217,0.259,,,0.0,B0b stratified random,42ed392323e6d8b96262fbc60e5df42a05bf3573
p1-topi-b1-raw-base-s42-val,,2026-09-22,P1,topic,b1,raw,base,42,validation,0.7486,0.8704,0.8768,0.7243,0.7107,0.7155,0.7826,,,44.02,B1 TF-IDF word 1-2g + LR,42ed392323e6d8b96262fbc60e5df42a05bf3573
p1-topi-b1-raw-thresh-s42-val,,2026-09-22,P1,topic,b1,raw,threshold-tuned,42,validation,0.7699,0.875,0.8787,0.7557,0.7205,0.7368,0.802,,,44.02,per-class priors tuned on dev for macro-F1,42ed392323e6d8b96262fbc60e5df42a05bf3573
p1-topi-b2-raw-base-s42-val,,2026-09-22,P1,topic,b2,raw,base,42,validation,0.7345,0.8525,0.8579,0.7027,0.6642,0.7001,0.7672,,,21.1,B2 TF-IDF char_wb 3-5g + LR,42ed392323e6d8b96262fbc60e5df42a05bf3573
p1-topi-b2-raw-thresh-s42-val,,2026-09-22,P1,topic,b2,raw,threshold-tuned,42,validation,0.7541,0.857,0.8629,0.7388,0.6746,0.7223,0.7868,,,21.1,per-class priors tuned on dev for macro-F1,42ed392323e6d8b96262fbc60e5df42a05bf3573
p1-topi-b3-raw-base-s42-val,,2026-09-22,P1,topic,b3,raw,base,42,validation,0.7529,0.8667,0.8711,0.7258,0.6981,0.7178,0.7852,,,9.47,B3 TF-IDF word+char union + LR,42ed392323e6d8b96262fbc60e5df42a05bf3573
p1-topi-b3-raw-thresh-s42-val,,2026-09-22,P1,topic,b3,raw,threshold-tuned,42,validation,0.7741,0.8723,0.8749,0.7638,0.7161,0.7407,0.8053,,,9.47,per-class priors tuned on dev for macro-F1,42ed392323e6d8b96262fbc60e5df42a05bf3573
p1-topi-b4-raw-base-s42-val,,2026-09-22,P1,topic,b4,raw,base,42,validation,0.7682,0.8745,0.88,0.7503,0.7197,0.7351,0.8005,,,5.25,B4 TF-IDF union + LinearSVC,42ed392323e6d8b96262fbc60e5df42a05bf3573
p1-topi-b5-raw-base-s42-val,,2026-09-22,P1,topic,b5,raw,base,42,validation,0.7442,0.8474,0.8395,0.7851,0.6727,0.7139,0.7722,,,9.7,"B5 TF-IDF union + LR, class-weighted",42ed392323e6d8b96262fbc60e5df42a05bf3573
p1-topi-b5-raw-thresh-s42-val,,2026-09-22,P1,topic,b5,raw,threshold-tuned,42,validation,0.7648,0.8715,0.8781,0.7413,0.7091,0.7334,0.796,,,9.7,per-class priors tuned on dev for macro-F1,42ed392323e6d8b96262fbc60e5df42a05bf3573
p2-sent-phobert-base-raw-base-s42-val,,2026-09-22,P2,sentiment,phobert-base,raw,base,42,validation,0.8566,0.9457,0.9482,0.8237,0.9035,0.8204,0.8897,,,275.9,Phase 2 reference configuration,e26ded55d55858c3f31b503ded489a1a790d0168
p2-sent-phobert-base-raw-base-s1337-val,,2026-09-22,P2,sentiment,phobert-base,raw,base,1337,validation,0.8355,0.9418,0.9438,0.8166,0.8955,0.7971,0.8693,,,275.7,Phase 2 reference configuration,e26ded55d55858c3f31b503ded489a1a790d0168
p2-sent-phobert-base-raw-base-s2024-val,,2026-09-22,P2,sentiment,phobert-base,raw,base,2024,validation,0.8428,0.9423,0.945,0.8131,0.8975,0.8039,0.8767,,,275.5,Phase 2 reference configuration,e26ded55d55858c3f31b503ded489a1a790d0168
p2-sent-phobert-base-raw-base-s7-val,,2026-09-22,P2,sentiment,phobert-base,raw,base,7,validation,0.8401,0.9402,0.9425,0.8154,0.8929,0.8021,0.8743,,,276.6,Phase 2 reference configuration,e26ded55d55858c3f31b503ded489a1a790d0168
p2-sent-phobert-base-raw-base-s31337-val,,2026-09-22,P2,sentiment,phobert-base,raw,base,31337,validation,0.8432,0.9434,0.945,0.8254,0.8978,0.8063,0.8753,,,275.5,Phase 2 reference configuration,e26ded55d55858c3f31b503ded489a1a790d0168
p2-topi-phobert-base-raw-base-s42-val,,2026-09-22,P2,topic,phobert-base,raw,base,42,validation,0.7988,0.8893,0.8913,0.7846,0.751,0.7675,0.8296,,,277.2,Phase 2 reference configuration,e26ded55d55858c3f31b503ded489a1a790d0168
p2-topi-phobert-base-raw-base-s1337-val,,2026-09-22,P2,topic,phobert-base,raw,base,1337,validation,0.7948,0.8846,0.8857,0.7815,0.7413,0.7625,0.8246,,,277.2,Phase 2 reference configuration,e26ded55d55858c3f31b503ded489a1a790d0168
p2-topi-phobert-base-raw-base-s2024-val,,2026-09-22,P2,topic,phobert-base,raw,base,2024,validation,0.7959,0.8893,0.8913,0.7811,0.7489,0.7638,0.8262,,,277.6,Phase 2 reference configuration,090d4a4fed2c31e7ef3252a104e4bfdf716a818f
p2-topi-phobert-base-raw-base-s7-val,,2026-09-22,P2,topic,phobert-base,raw,base,7,validation,0.797,0.8911,0.8926,0.7899,0.7557,0.7639,0.8259,,,277.1,Phase 2 reference configuration,090d4a4fed2c31e7ef3252a104e4bfdf716a818f
p2-topi-phobert-base-raw-base-s31337-val,,2026-09-22,P2,topic,phobert-base,raw,base,31337,validation,0.7989,0.89,0.892,0.7842,0.7511,0.7664,0.8285,,,277.0,Phase 2 reference configuration,090d4a4fed2c31e7ef3252a104e4bfdf716a818f
p3-sent-phobert-base-seg_vncorenlp-base-s42-val,,2026-09-22,P3,sentiment,phobert-base,seg_vncorenlp,base,42,validation,0.8747,0.9552,0.957,0.8464,0.9201,0.8412,0.9058,,,254.0,Phase 3 segmentation ablation: seg_vncorenlp,3de03f9532e876404829a42a5a46410ce4868ec1
p3-sent-phobert-base-seg_vncorenlp-base-s1337-val,,2026-09-22,P3,sentiment,phobert-base,seg_vncorenlp,base,1337,validation,0.8628,0.9518,0.9533,0.8435,0.9131,0.8273,0.8941,,,253.6,Phase 3 segmentation ablation: seg_vncorenlp,3de03f9532e876404829a42a5a46410ce4868ec1
p3-sent-phobert-base-seg_vncorenlp-base-s2024-val,,2026-09-22,P3,sentiment,phobert-base,seg_vncorenlp,base,2024,validation,0.8751,0.9558,0.9577,0.8468,0.9213,0.8399,0.9056,,,254.0,Phase 3 segmentation ablation: seg_vncorenlp,3de03f9532e876404829a42a5a46410ce4868ec1
p3-sent-phobert-base-seg_vncorenlp-base-s7-val,,2026-09-22,P3,sentiment,phobert-base,seg_vncorenlp,base,7,validation,0.8598,0.95,0.952,0.8346,0.9107,0.8249,0.8911,,,253.8,Phase 3 segmentation ablation: seg_vncorenlp,3de03f9532e876404829a42a5a46410ce4868ec1
p3-sent-phobert-base-seg_vncorenlp-base-s31337-val,,2026-09-22,P3,sentiment,phobert-base,seg_vncorenlp,base,31337,validation,0.8629,0.9518,0.9526,0.8516,0.9122,0.8291,0.895,,,253.0,Phase 3 segmentation ablation: seg_vncorenlp,3de03f9532e876404829a42a5a46410ce4868ec1
p3-sent-phobert-base-seg_underthesea-base-s42-val,,2026-09-22,P3,sentiment,phobert-base,seg_underthesea,base,42,validation,0.8555,0.9505,0.9526,0.8309,0.9118,0.8205,0.8891,,,254.3,Phase 3 segmentation ablation: seg_underthesea,3de03f9532e876404829a42a5a46410ce4868ec1
p3-sent-phobert-base-seg_underthesea-base-s1337-val,,2026-09-22,P3,sentiment,phobert-base,seg_underthesea,base,1337,validation,0.8695,0.9527,0.9539,0.8524,0.9144,0.836,0.898,,,263.1,Phase 3 segmentation ablation: seg_underthesea,3de03f9532e876404829a42a5a46410ce4868ec1
p3-sent-phobert-base-seg_underthesea-base-s2024-val,,2026-09-22,P3,sentiment,phobert-base,seg_underthesea,base,2024,validation,0.8656,0.9514,0.9533,0.8392,0.913,0.8274,0.8965,,,265.6,Phase 3 segmentation ablation: seg_underthesea,3de03f9532e876404829a42a5a46410ce4868ec1
p3-sent-phobert-base-seg_underthesea-base-s7-val,,2026-09-22,P3,sentiment,phobert-base,seg_underthesea,base,7,validation,0.8552,0.948,0.9501,0.8292,0.9071,0.8201,0.8875,,,267.2,Phase 3 segmentation ablation: seg_underthesea,3de03f9532e876404829a42a5a46410ce4868ec1
p3-sent-phobert-base-seg_underthesea-base-s31337-val,,2026-09-22,P3,sentiment,phobert-base,seg_underthesea,base,31337,validation,0.8634,0.9505,0.952,0.843,0.9109,0.8288,0.8959,,,264.6,Phase 3 segmentation ablation: seg_underthesea,3de03f9532e876404829a42a5a46410ce4868ec1
p3-sent-phobert-base-seg_pyvi-base-s42-val,,2026-09-22,P3,sentiment,phobert-base,seg_pyvi,base,42,validation,0.8634,0.9505,0.9526,0.8351,0.9118,0.8277,0.8957,,,259.5,Phase 3 segmentation ablation: seg_pyvi,3de03f9532e876404829a42a5a46410ce4868ec1
p3-sent-phobert-base-seg_pyvi-base-s1337-val,,2026-09-22,P3,sentiment,phobert-base,seg_pyvi,base,1337,validation,0.8709,0.9524,0.9539,0.8482,0.9143,0.8374,0.9018,,,259.3,Phase 3 segmentation ablation: seg_pyvi,3de03f9532e876404829a42a5a46410ce4868ec1
p3-sent-phobert-base-seg_pyvi-base-s2024-val,,2026-09-22,P3,sentiment,phobert-base,seg_pyvi,base,2024,validation,0.8494,0.9498,0.9526,0.8186,0.9118,0.8106,0.8831,,,253.8,Phase 3 segmentation ablation: seg_pyvi,3de03f9532e876404829a42a5a46410ce4868ec1
p3-sent-phobert-base-seg_pyvi-base-s7-val,,2026-09-22,P3,sentiment,phobert-base,seg_pyvi,base,7,validation,0.8627,0.9496,0.9514,0.8382,0.9095,0.8272,0.8935,,,254.7,Phase 3 segmentation ablation: seg_pyvi,3de03f9532e876404829a42a5a46410ce4868ec1
p3-sent-phobert-base-seg_pyvi-base-s31337-val,,2026-09-22,P3,sentiment,phobert-base,seg_pyvi,base,31337,validation,0.875,0.9538,0.9551,0.8532,0.9166,0.8398,0.907,,,254.4,Phase 3 segmentation ablation: seg_pyvi,3de03f9532e876404829a42a5a46410ce4868ec1
p4-topi-phobert-base-seg_pyvi-base-s42-val,,2026-09-22,P4,topic,phobert-base,seg_pyvi,base,42,validation,0.814,0.899,0.9008,0.811,0.7723,0.7836,0.8426,,,260.8,Phase 4: topic segmentation ablation,df814b44537e18abbe12b483b3e358151d2a5e5b
p4-topi-phobert-base-seg_pyvi-base-s1337-val,,2026-09-22,P4,topic,phobert-base,seg_pyvi,base,1337,validation,0.8173,0.8963,0.8977,0.808,0.7655,0.7868,0.8458,,,276.8,Phase 4: topic segmentation ablation,ab8921b0b62d44c6b98ecdeb762d5e3148030f2e
p4-topi-phobert-base-seg_pyvi-base-s2024-val,,2026-09-22,P4,topic,phobert-base,seg_pyvi,base,2024,validation,0.8058,0.8935,0.8951,0.7882,0.7584,0.7743,0.8347,,,264.1,Phase 4: topic segmentation ablation,ab8921b0b62d44c6b98ecdeb762d5e3148030f2e
p4-topi-phobert-base-seg_pyvi-base-s7-val,,2026-09-22,P4,topic,phobert-base,seg_pyvi,base,7,validation,0.807,0.895,0.897,0.7998,0.7639,0.7755,0.8364,,,263.3,Phase 4: topic segmentation ablation,d4d49f16d340fd20a530940d977ba78910696982
g4-sent-b3-raw-base-s42-test,,2026-09-22,P4,sentiment,b3,raw,base,42,test,0.7267,0.8856,0.8939,0.7041,0.8034,0.6997,0.7547,,,,B3 TF-IDF word+char union + LR,d4d49f16d340fd20a530940d977ba78910696982
g4-sent-b3-raw-devpriors-s42-test,,2026-09-22,P4,sentiment,b3,raw,dev-fitted-priors,42,test,0.745,0.8817,0.8834,0.7388,0.7903,0.72,0.7704,,,,B3 TF-IDF word+char union + LR + dev-fitted priors,d4d49f16d340fd20a530940d977ba78910696982
g4-sent-b4-raw-base-s42-test,,2026-09-22,P4,sentiment,b4,raw,base,42,test,0.7181,0.8851,0.8948,0.6959,0.805,0.6909,0.7456,,,,B4 TF-IDF union + LinearSVC,d4d49f16d340fd20a530940d977ba78910696982
g4-topi-b3-raw-base-s42-test,,2026-09-22,P4,topic,b3,raw,base,42,test,0.7387,0.8567,0.8607,0.7139,0.6746,0.7141,0.7623,,,,B3 TF-IDF word+char union + LR,d4d49f16d340fd20a530940d977ba78910696982
g4-topi-b3-raw-devpriors-s42-test,,2026-09-22,P4,topic,b3,raw,dev-fitted-priors,42,test,0.7398,0.8569,0.8588,0.732,0.681,0.7151,0.7628,,,,B3 TF-IDF word+char union + LR + dev-fitted priors,d4d49f16d340fd20a530940d977ba78910696982
g4-topi-b4-raw-base-s42-test,,2026-09-22,P4,topic,b4,raw,base,42,test,0.7423,0.8596,0.8645,0.7226,0.6833,0.7179,0.7651,,,,B4 TF-IDF union + LinearSVC,d4d49f16d340fd20a530940d977ba78910696982
p4-sent-phobert-base-seg_vncorenlp-base-s42-val,,2026-09-22,P4,sentiment,phobert-base,seg_vncorenlp,base,42,validation,0.8747,0.9552,0.957,0.8464,0.9201,0.8412,0.9058,,,263.8,G4 test: seg_vncorenlp,d4d49f16d340fd20a530940d977ba78910696982
p4-sent-phobert-base-seg_vncorenlp-base-s42-tes,,2026-09-22,P4,sentiment,phobert-base,seg_vncorenlp,base,42,test,0.8391,0.9403,0.9431,0.8146,0.8952,0.8143,0.8634,,,263.8,G4 test: seg_vncorenlp,d4d49f16d340fd20a530940d977ba78910696982
p4-sent-phobert-base-seg_vncorenlp-base-s1337-val,,2026-09-22,P4,sentiment,phobert-base,seg_vncorenlp,base,1337,validation,0.8628,0.9518,0.9533,0.8435,0.9131,0.8273,0.8941,,,259.3,G4 test: seg_vncorenlp,e580c018b31d92301715e33f7f5077419d9c7344
p4-sent-phobert-base-seg_vncorenlp-base-s1337-tes,,2026-09-22,P4,sentiment,phobert-base,seg_vncorenlp,base,1337,test,0.8334,0.9368,0.94,0.8071,0.8893,0.8069,0.8569,,,259.3,G4 test: seg_vncorenlp,e580c018b31d92301715e33f7f5077419d9c7344
p4-sent-phobert-base-seg_vncorenlp-base-s2024-val,,2026-09-22,P4,sentiment,phobert-base,seg_vncorenlp,base,2024,validation,0.8751,0.9558,0.9577,0.8468,0.9213,0.8399,0.9056,,,268.3,G4 test: seg_vncorenlp,da16c3b7614828962ada414bc5c88aabd56c3b9f
p4-sent-phobert-base-seg_vncorenlp-base-s2024-tes,,2026-09-22,P4,sentiment,phobert-base,seg_vncorenlp,base,2024,test,0.8374,0.9409,0.9444,0.8085,0.8974,0.8119,0.8609,,,268.3,G4 test: seg_vncorenlp,da16c3b7614828962ada414bc5c88aabd56c3b9f
p4-sent-phobert-base-seg_vncorenlp-base-s7-val,,2026-09-22,P4,sentiment,phobert-base,seg_vncorenlp,base,7,validation,0.8598,0.95,0.952,0.8346,0.9107,0.8249,0.8911,,,264.2,G4 test: seg_vncorenlp,da16c3b7614828962ada414bc5c88aabd56c3b9f
p4-sent-phobert-base-seg_vncorenlp-base-s7-tes,,2026-09-22,P4,sentiment,phobert-base,seg_vncorenlp,base,7,test,0.8414,0.9404,0.9438,0.8117,0.8963,0.8165,0.8649,,,264.2,G4 test: seg_vncorenlp,da16c3b7614828962ada414bc5c88aabd56c3b9f
p4-sent-phobert-base-seg_vncorenlp-base-s31337-val,,2026-09-22,P4,sentiment,phobert-base,seg_vncorenlp,base,31337,validation,0.8629,0.9518,0.9526,0.8516,0.9122,0.8291,0.895,,,279.6,G4 test: seg_vncorenlp,da16c3b7614828962ada414bc5c88aabd56c3b9f
p4-sent-phobert-base-seg_vncorenlp-base-s31337-tes,,2026-09-22,P4,sentiment,phobert-base,seg_vncorenlp,base,31337,test,0.8353,0.937,0.9394,0.8157,0.8885,0.8106,0.8573,,,279.6,G4 test: seg_vncorenlp,da16c3b7614828962ada414bc5c88aabd56c3b9f
p4-sent-phobert-base-seg_pyvi-base-s42-val,,2026-09-22,P4,sentiment,phobert-base,seg_pyvi,base,42,validation,0.8634,0.9505,0.9526,0.8351,0.9118,0.8277,0.8957,,,353.2,G4 test: seg_pyvi,9e4ac61f4b54a10ad3d1c3fc17659fe5db989ec2
p4-sent-phobert-base-seg_pyvi-base-s42-tes,,2026-09-22,P4,sentiment,phobert-base,seg_pyvi,base,42,test,0.8437,0.9412,0.9441,0.8172,0.897,0.8182,0.8679,,,353.2,G4 test: seg_pyvi,9e4ac61f4b54a10ad3d1c3fc17659fe5db989ec2
p4-sent-phobert-base-seg_pyvi-base-s1337-val,,2026-09-22,P4,sentiment,phobert-base,seg_pyvi,base,1337,validation,0.8709,0.9524,0.9539,0.8482,0.9143,0.8374,0.9018,,,264.2,G4 test: seg_pyvi,9e4ac61f4b54a10ad3d1c3fc17659fe5db989ec2
p4-sent-phobert-base-seg_pyvi-base-s1337-tes,,2026-09-22,P4,sentiment,phobert-base,seg_pyvi,base,1337,test,0.8267,0.9373,0.9416,0.7958,0.8921,0.7997,0.8516,,,264.2,G4 test: seg_pyvi,9e4ac61f4b54a10ad3d1c3fc17659fe5db989ec2
p4-sent-phobert-base-seg_pyvi-base-s2024-val,,2026-09-22,P4,sentiment,phobert-base,seg_pyvi,base,2024,validation,0.8494,0.9498,0.9526,0.8186,0.9118,0.8106,0.8831,,,266.2,G4 test: seg_pyvi,9e4ac61f4b54a10ad3d1c3fc17659fe5db989ec2
p4-sent-phobert-base-seg_pyvi-base-s2024-tes,,2026-09-22,P4,sentiment,phobert-base,seg_pyvi,base,2024,test,0.8242,0.9357,0.9403,0.7915,0.8898,0.7983,0.8489,,,266.2,G4 test: seg_pyvi,9e4ac61f4b54a10ad3d1c3fc17659fe5db989ec2
p4-sent-phobert-base-seg_pyvi-base-s7-val,,2026-09-22,P4,sentiment,phobert-base,seg_pyvi,base,7,validation,0.8627,0.9496,0.9514,0.8382,0.9095,0.8272,0.8935,,,269.6,G4 test: seg_pyvi,451e1424b146abbb87ddba5da2a288adf8911e2c
p4-sent-phobert-base-seg_pyvi-base-s7-tes,,2026-09-22,P4,sentiment,phobert-base,seg_pyvi,base,7,test,0.8343,0.9385,0.9425,0.8018,0.8939,0.8088,0.859,,,269.6,G4 test: seg_pyvi,451e1424b146abbb87ddba5da2a288adf8911e2c
p4-sent-phobert-base-seg_pyvi-base-s31337-val,,2026-09-22,P4,sentiment,phobert-base,seg_pyvi,base,31337,validation,0.875,0.9538,0.9551,0.8532,0.9166,0.8398,0.907,,,262.6,G4 test: seg_pyvi,451e1424b146abbb87ddba5da2a288adf8911e2c
p4-sent-phobert-base-seg_pyvi-base-s31337-tes,,2026-09-22,P4,sentiment,phobert-base,seg_pyvi,base,31337,test,0.8151,0.9328,0.9371,0.7873,0.8839,0.7876,0.8398,,,262.6,G4 test: seg_pyvi,451e1424b146abbb87ddba5da2a288adf8911e2c
p4-topi-phobert-base-seg_pyvi-base-s42-val,,2026-09-22,P4,topic,phobert-base,seg_pyvi,base,42,validation,0.814,0.899,0.9008,0.811,0.7723,0.7836,0.8426,,,265.5,G4 test: seg_pyvi,451e1424b146abbb87ddba5da2a288adf8911e2c
p4-topi-phobert-base-seg_pyvi-base-s42-tes,,2026-09-22,P4,topic,phobert-base,seg_pyvi,base,42,test,0.8048,0.8928,0.8945,0.7981,0.7584,0.7824,0.8259,,,265.5,G4 test: seg_pyvi,451e1424b146abbb87ddba5da2a288adf8911e2c
p4-topi-phobert-base-seg_pyvi-base-s1337-val,,2026-09-22,P4,topic,phobert-base,seg_pyvi,base,1337,validation,0.8173,0.8963,0.8977,0.808,0.7655,0.7868,0.8458,,,268.6,G4 test: seg_pyvi,451e1424b146abbb87ddba5da2a288adf8911e2c
p4-topi-phobert-base-seg_pyvi-base-s1337-tes,,2026-09-22,P4,topic,phobert-base,seg_pyvi,base,1337,test,0.809,0.8931,0.8945,0.8002,0.7601,0.7863,0.8305,,,268.6,G4 test: seg_pyvi,451e1424b146abbb87ddba5da2a288adf8911e2c
p4-topi-phobert-base-seg_pyvi-base-s2024-val,,2026-09-22,P4,topic,phobert-base,seg_pyvi,base,2024,validation,0.8058,0.8935,0.8951,0.7882,0.7584,0.7743,0.8347,,,268.7,G4 test: seg_pyvi,451e1424b146abbb87ddba5da2a288adf8911e2c
p4-topi-phobert-base-seg_pyvi-base-s2024-tes,,2026-09-22,P4,topic,phobert-base,seg_pyvi,base,2024,test,0.8053,0.894,0.8955,0.7901,0.7596,0.7841,0.8259,,,268.7,G4 test: seg_pyvi,451e1424b146abbb87ddba5da2a288adf8911e2c
p4-topi-phobert-base-seg_pyvi-base-s7-val,,2026-09-22,P4,topic,phobert-base,seg_pyvi,base,7,validation,0.807,0.895,0.897,0.7998,0.7639,0.7755,0.8364,,,264.0,G4 test: seg_pyvi,451e1424b146abbb87ddba5da2a288adf8911e2c
p4-topi-phobert-base-seg_pyvi-base-s7-tes,,2026-09-22,P4,topic,phobert-base,seg_pyvi,base,7,test,0.8032,0.8953,0.898,0.7909,0.765,0.7802,0.8256,,,264.0,G4 test: seg_pyvi,451e1424b146abbb87ddba5da2a288adf8911e2c
p4-topi-phobert-base-seg_pyvi-base-s31337-val,,2026-09-22,P4,topic,phobert-base,seg_pyvi,base,31337,validation,0.8116,0.8942,0.8958,0.8032,0.7616,0.7808,0.8406,,,263.0,G4 test: seg_pyvi,451e1424b146abbb87ddba5da2a288adf8911e2c
p4-topi-phobert-base-seg_pyvi-base-s31337-tes,,2026-09-22,P4,topic,phobert-base,seg_pyvi,base,31337,test,0.7966,0.8908,0.8929,0.7888,0.7558,0.7719,0.8188,,,263.0,G4 test: seg_pyvi,451e1424b146abbb87ddba5da2a288adf8911e2c
p4-sent-phobert-large-seg_pyvi-base-s1337-val,,2026-09-23,P4,sentiment,phobert-large,seg_pyvi,base,1337,validation,0.852,0.9507,0.9533,0.8233,0.913,0.8152,0.8854,,,538.3,phobert-large base,
p4-sent-phobert-large-seg_pyvi-base-s2024-val,,2026-09-23,P4,sentiment,phobert-large,seg_pyvi,base,2024,validation,0.8555,0.9508,0.9533,0.8271,0.9129,0.8176,0.8886,,,538.6,phobert-large base,
p4-sent-phobert-large-seg_pyvi-base-s31337-val,,2026-09-23,P4,sentiment,phobert-large,seg_pyvi,base,31337,validation,0.8589,0.951,0.9533,0.8312,0.9129,0.8218,0.8926,,,538.8,phobert-large base,
p4-sent-phobert-large-seg_pyvi-base-s42-val,,2026-09-23,P4,sentiment,phobert-large,seg_pyvi,base,42,validation,0.8604,0.9513,0.9539,0.8276,0.9141,0.8244,0.895,,,534.9,phobert-large base,
p4-sent-phobert-large-seg_pyvi-base-s7-val,,2026-09-23,P4,sentiment,phobert-large,seg_pyvi,base,7,validation,0.8534,0.9506,0.9533,0.823,0.9129,0.8167,0.8876,,,539.6,phobert-large base,
p4-sent-xlmr-base-seg_pyvi-base-s1337-val,,2026-09-23,P4,sentiment,xlmr-base,seg_pyvi,base,1337,validation,0.8499,0.9453,0.9476,0.8232,0.9023,0.8108,0.8812,,,316.8,xlmr-base base,
p4-sent-xlmr-base-seg_pyvi-base-s2024-val,,2026-09-23,P4,sentiment,xlmr-base,seg_pyvi,base,2024,validation,0.842,0.9417,0.9444,0.8123,0.8963,0.8039,0.8768,,,316.8,xlmr-base base,
p4-sent-xlmr-base-seg_pyvi-base-s31337-val,,2026-09-23,P4,sentiment,xlmr-base,seg_pyvi,base,31337,validation,0.8373,0.9405,0.9438,0.8039,0.8951,0.8001,0.8734,,,315.3,xlmr-base base,
p4-sent-xlmr-base-seg_pyvi-base-s42-val,,2026-09-23,P4,sentiment,xlmr-base,seg_pyvi,base,42,validation,0.8393,0.9411,0.9444,0.8044,0.8962,0.8001,0.875,,,317.2,xlmr-base base,
p4-sent-xlmr-base-seg_pyvi-base-s7-val,,2026-09-23,P4,sentiment,xlmr-base,seg_pyvi,base,7,validation,0.8329,0.942,0.9438,0.8162,0.8954,0.7939,0.866,,,317.7,xlmr-base base,
p4-sent-phobert-large-seg_pyvi-base-s42-e5ebaeaf-val,7712958e,2026-09-27,P4,sentiment,phobert-large,seg_pyvi,base,42,validation,0.8604,0.9513,0.9539,0.8276,0.9141,0.8244,0.895,,,519.9,phobert-large base,
p4-sent-phobert-large-seg_pyvi-base-s1337-cc350443-val,59e35c49,2026-09-27,P4,sentiment,phobert-large,seg_pyvi,base,1337,validation,0.852,0.9507,0.9533,0.8233,0.913,0.8152,0.8854,,,523.2,phobert-large base,
p4-sent-phobert-large-seg_pyvi-base-s2024-44285bce-val,e25cfc48,2026-09-27,P4,sentiment,phobert-large,seg_pyvi,base,2024,validation,0.8555,0.9508,0.9533,0.8271,0.9129,0.8176,0.8886,,,523.4,phobert-large base,
p4-sent-phobert-large-seg_pyvi-base-s7-ff5bbbfe-val,28479e49,2026-09-27,P4,sentiment,phobert-large,seg_pyvi,base,7,validation,0.8534,0.9506,0.9533,0.823,0.9129,0.8167,0.8876,,,523.2,phobert-large base,
p4-sent-phobert-large-seg_pyvi-base-s31337-39724373-val,925cf837,2026-09-27,P4,sentiment,phobert-large,seg_pyvi,base,31337,validation,0.8589,0.951,0.9533,0.8312,0.9129,0.8218,0.8926,,,522.8,phobert-large base,
p4-sent-xlmr-base-seg_pyvi-base-s42-ef493a21-val,76a1edc0,2026-09-27,P4,sentiment,xlmr-base,seg_pyvi,base,42,validation,0.8393,0.9411,0.9444,0.8044,0.8962,0.8001,0.875,,,309.4,xlmr-base base,
p4-sent-xlmr-base-seg_pyvi-base-s1337-1ac66b8a-val,5a4ad161,2026-09-27,P4,sentiment,xlmr-base,seg_pyvi,base,1337,validation,0.8499,0.9453,0.9476,0.8232,0.9023,0.8108,0.8812,,,309.6,xlmr-base base,
p4-sent-xlmr-base-seg_pyvi-base-s2024-028f3714-val,ba0f4e10,2026-09-27,P4,sentiment,xlmr-base,seg_pyvi,base,2024,validation,0.842,0.9417,0.9444,0.8123,0.8963,0.8039,0.8768,,,309.6,xlmr-base base,
p4-sent-xlmr-base-seg_pyvi-base-s7-3e9814f3-val,ff21de95,2026-09-27,P4,sentiment,xlmr-base,seg_pyvi,base,7,validation,0.8329,0.942,0.9438,0.8162,0.8954,0.7939,0.866,,,310.7,xlmr-base base,
p4-sent-xlmr-base-seg_pyvi-base-s31337-98ea7e0b-val,cc39e743,2026-09-27,P4,sentiment,xlmr-base,seg_pyvi,base,31337,validation,0.8373,0.9405,0.9438,0.8039,0.8951,0.8001,0.8734,,,308.6,xlmr-base base,
p8-sent-xlmr-base-raw-base-s42-c3240045-val,9f745944,2026-09-27,P8,sentiment,xlmr-base,raw,base,42,validation,0.8546,0.9473,0.9495,0.8286,0.9059,0.8195,0.8884,,,279.3,xlmr-base base,
p8-sent-xlmr-base-raw-base-s1337-ff37f25d-val,184a7ad2,2026-09-27,P8,sentiment,xlmr-base,raw,base,1337,validation,0.849,0.9443,0.9469,0.8186,0.9011,0.8123,0.8802,,,276.0,xlmr-base base,
p8-sent-xlmr-base-raw-base-s2024-21bb6f66-val,b4ee5737,2026-09-27,P8,sentiment,xlmr-base,raw,base,2024,validation,0.8511,0.9436,0.945,0.8336,0.8978,0.8155,0.8827,,,276.0,xlmr-base base,
p8-sent-xlmr-base-raw-base-s7-269a63ad-val,16cdffbe,2026-09-27,P8,sentiment,xlmr-base,raw,base,7,validation,0.8422,0.9421,0.9438,0.8244,0.8954,0.8065,0.877,,,278.4,xlmr-base base,
p8-sent-xlmr-base-raw-base-s31337-c8f66680-val,f32f4df4,2026-09-27,P8,sentiment,xlmr-base,raw,base,31337,validation,0.8528,0.9465,0.9482,0.8319,0.9037,0.8168,0.8861,,,277.0,xlmr-base base,
p8-sent-xlmr-base-seg_pyvi-base-s42-ef493a21-val,87df7ad3,2026-09-27,P8,sentiment,xlmr-base,seg_pyvi,base,42,validation,0.8393,0.9411,0.9444,0.8044,0.8962,0.8001,0.875,,,309.6,xlmr-base base,
p8-sent-xlmr-base-seg_pyvi-base-s1337-1ac66b8a-val,92eef3d1,2026-09-27,P8,sentiment,xlmr-base,seg_pyvi,base,1337,validation,0.8499,0.9453,0.9476,0.8232,0.9023,0.8108,0.8812,,,309.5,xlmr-base base,
p8-sent-xlmr-base-seg_pyvi-base-s2024-028f3714-val,2a51514f,2026-09-27,P8,sentiment,xlmr-base,seg_pyvi,base,2024,validation,0.842,0.9417,0.9444,0.8123,0.8963,0.8039,0.8768,,,309.7,xlmr-base base,
p8-sent-xlmr-base-seg_pyvi-base-s7-3e9814f3-val,c8af1213,2026-09-27,P8,sentiment,xlmr-base,seg_pyvi,base,7,validation,0.8329,0.942,0.9438,0.8162,0.8954,0.7939,0.866,,,310.8,xlmr-base base,
p8-sent-xlmr-base-seg_pyvi-base-s31337-98ea7e0b-val,6bc5bc8f,2026-09-27,P8,sentiment,xlmr-base,seg_pyvi,base,31337,validation,0.8373,0.9405,0.9438,0.8039,0.8951,0.8001,0.8734,,,308.5,xlmr-base base,
p6-sent-phobert-base-seg_pyvi-base-s42-5532bb6c-val,f4f58d04,2026-09-27,P6,sentiment,phobert-base,seg_pyvi,base,42,validation,0.8644,0.9521,0.9539,0.8399,0.9142,0.8289,0.8958,,,168.7,phobert-base base,
p8-sent-phobert-base-seg_pyvi-crt-s42-57c89521-val,4642fdd8,2026-09-27,P8,sentiment,phobert-base,seg_pyvi,crt,42,validation,0.8653,0.9509,0.9514,0.859,0.91,0.8313,0.896,,,256.1,phobert-base crt,c53c6873ba4122a55f0c6af744e3bd7dd15faf36
p8-sent-phobert-base-seg_pyvi-crt-s1337-7127aa13-val,58a470b5,2026-09-27,P8,sentiment,phobert-base,seg_pyvi,crt,1337,validation,0.863,0.9517,0.9514,0.8669,0.9103,0.8305,0.8939,,,257.7,phobert-base crt,c53c6873ba4122a55f0c6af744e3bd7dd15faf36
p8-sent-phobert-base-seg_pyvi-crt-s2024-678c88bf-val,996465c5,2026-09-27,P8,sentiment,phobert-base,seg_pyvi,crt,2024,validation,0.8638,0.949,0.9469,0.8926,0.9033,0.8316,0.8922,,,252.9,phobert-base crt,a9e0f50a64c772a8311340cb2ac9652f7487ea5a
p8-sent-phobert-base-seg_pyvi-crt-s7-f4f83e94-val,88cafe60,2026-09-27,P8,sentiment,phobert-base,seg_pyvi,crt,7,validation,0.8632,0.9482,0.9476,0.8722,0.9034,0.8313,0.8917,,,257.2,phobert-base crt,623799652cba7936518e2c028c5dd9f173058a4a
p8-sent-phobert-base-seg_pyvi-crt-s31337-3f9bafd2-val,a30cd422,2026-09-27,P8,sentiment,phobert-base,seg_pyvi,crt,31337,validation,0.869,0.9525,0.952,0.8758,0.9116,0.837,0.9002,,,251.8,phobert-base crt,623799652cba7936518e2c028c5dd9f173058a4a
p8-sent-phobert-base-seg_pyvi-logit-adjust-s42-652f6816-val,8a79f3c5,2026-09-27,P8,sentiment,phobert-base,seg_pyvi,logit-adjust,42,validation,0.8694,0.9529,0.9533,0.8643,0.9135,0.836,0.8999,,,252.6,phobert-base logit-adjust,bc613b10758c815d424ea3f3b405b31fde673dc3
p8-sent-phobert-base-seg_pyvi-logit-adjust-s1337-9cd83ad9-val,f77c043f,2026-09-27,P8,sentiment,phobert-base,seg_pyvi,logit-adjust,1337,validation,0.8524,0.9476,0.9469,0.86,0.9023,0.8194,0.8827,,,251.7,phobert-base logit-adjust,bc613b10758c815d424ea3f3b405b31fde673dc3
p8-sent-phobert-base-seg_pyvi-logit-adjust-s2024-2681e9f4-val,9d756516,2026-09-27,P8,sentiment,phobert-base,seg_pyvi,logit-adjust,2024,validation,0.8704,0.9544,0.9545,0.8692,0.9159,0.8362,0.901,,,252.1,phobert-base logit-adjust,bc613b10758c815d424ea3f3b405b31fde673dc3
p8-sent-phobert-base-seg_pyvi-aug-diac-teen-s42-599cf21f-val,d336caef,2026-09-27,P8,sentiment,phobert-base,seg_pyvi,aug-diac-teen,42,validation,0.8644,0.9521,0.9539,0.8399,0.9142,0.8307,0.8971,,,259.5,phobert-base aug-diac-teen,eeee7a522dfbebd749149a83d7535cceba341246
p8-sent-phobert-base-seg_pyvi-aug-diac-teen-s1337-6577cf17-val,fa95f918,2026-09-27,P8,sentiment,phobert-base,seg_pyvi,aug-diac-teen,1337,validation,0.8683,0.9529,0.9551,0.8369,0.9165,0.8324,0.898,,,258.5,phobert-base aug-diac-teen,eeee7a522dfbebd749149a83d7535cceba341246
p8-sent-phobert-base-seg_pyvi-aug-diac-teen-s2024-6d4c703f-val,be555893,2026-09-27,P8,sentiment,phobert-base,seg_pyvi,aug-diac-teen,2024,validation,0.8795,0.9555,0.957,0.8545,0.9201,0.8436,0.9093,,,258.9,phobert-base aug-diac-teen,eeee7a522dfbebd749149a83d7535cceba341246
p8-sent-phobert-base-seg_pyvi-aug-diac-teen-s7-c67ab4c7-val,64b6f4fd,2026-09-27,P8,sentiment,phobert-base,seg_pyvi,aug-diac-teen,7,validation,0.8609,0.9493,0.9514,0.8341,0.9094,0.8257,0.8923,,,258.3,phobert-base aug-diac-teen,eeee7a522dfbebd749149a83d7535cceba341246
p8-sent-phobert-base-seg_pyvi-aug-diac-teen-s31337-023d9372-val,b93dc27e,2026-09-27,P8,sentiment,phobert-base,seg_pyvi,aug-diac-teen,31337,validation,0.8693,0.9522,0.9539,0.8441,0.9142,0.8335,0.9009,,,260.5,phobert-base aug-diac-teen,eeee7a522dfbebd749149a83d7535cceba341246
p8-sent-phobert-base-seg_pyvi-mtl-l0.3-s42-e7d99640-val,54f7c629,2026-09-27,P8,sentiment,phobert-base,seg_pyvi,mtl-l0.3,42,validation,0.8696,0.9525,0.9545,0.8404,0.9153,0.8344,0.9008,,,261.1,"shared encoder, lambda=0.3",2be1bff85ec312ff5890c58dbc3e356dc6856d7a
p8-topi-phobert-base-seg_pyvi-mtl-l0.3-s42-2478c2c3-val,24b1a367,2026-09-27,P8,topic,phobert-base,seg_pyvi,mtl-l0.3,42,validation,0.8106,0.8955,0.8989,0.7904,0.7643,0.7797,0.8388,,,261.1,"shared encoder, lambda=0.3",2be1bff85ec312ff5890c58dbc3e356dc6856d7a
p8-sent-phobert-base-seg_pyvi-mtl-l0.3-s1337-54ffcf13-val,b2b7a0eb,2026-09-27,P8,sentiment,phobert-base,seg_pyvi,mtl-l0.3,1337,validation,0.8595,0.9494,0.9514,0.8341,0.9094,0.8249,0.8909,,,260.2,"shared encoder, lambda=0.3",2be1bff85ec312ff5890c58dbc3e356dc6856d7a
p8-topi-phobert-base-seg_pyvi-mtl-l0.3-s1337-dc288363-val,e9756366,2026-09-27,P8,topic,phobert-base,seg_pyvi,mtl-l0.3,1337,validation,0.8163,0.8994,0.9027,0.796,0.7739,0.7838,0.8462,,,260.2,"shared encoder, lambda=0.3",2be1bff85ec312ff5890c58dbc3e356dc6856d7a
p8-sent-phobert-base-seg_pyvi-mtl-l0.3-s2024-e9c5e9aa-val,21dae765,2026-09-27,P8,sentiment,phobert-base,seg_pyvi,mtl-l0.3,2024,validation,0.8583,0.953,0.9558,0.8249,0.9177,0.8209,0.8918,,,260.5,"shared encoder, lambda=0.3",2be1bff85ec312ff5890c58dbc3e356dc6856d7a
p8-topi-phobert-base-seg_pyvi-mtl-l0.3-s2024-30b9ba63-val,19fa5e6d,2026-09-27,P8,topic,phobert-base,seg_pyvi,mtl-l0.3,2024,validation,0.8118,0.8993,0.9033,0.7832,0.7736,0.7796,0.8416,,,260.5,"shared encoder, lambda=0.3",2be1bff85ec312ff5890c58dbc3e356dc6856d7a
p8-sent-phobert-base-seg_pyvi-mtl-l1-s42-15c0e1f5-val,61a6ca22,2026-09-27,P8,sentiment,phobert-base,seg_pyvi,mtl-l1,42,validation,0.8514,0.95,0.9526,0.8226,0.9118,0.8131,0.885,,,260.9,"shared encoder, lambda=1.0",2be1bff85ec312ff5890c58dbc3e356dc6856d7a
p8-topi-phobert-base-seg_pyvi-mtl-l1-s42-a83f19ee-val,ba1cf13d,2026-09-27,P8,topic,phobert-base,seg_pyvi,mtl-l1,42,validation,0.8161,0.8922,0.8926,0.8134,0.7588,0.7877,0.8431,,,260.9,"shared encoder, lambda=1.0",2be1bff85ec312ff5890c58dbc3e356dc6856d7a
p8-sent-phobert-base-seg_pyvi-mtl-l1-s1337-893d7c2d-val,5c2321f2,2026-09-27,P8,sentiment,phobert-base,seg_pyvi,mtl-l1,1337,validation,0.8684,0.9509,0.9526,0.843,0.9118,0.834,0.8992,,,260.3,"shared encoder, lambda=1.0",2be1bff85ec312ff5890c58dbc3e356dc6856d7a
p8-topi-phobert-base-seg_pyvi-mtl-l1-s1337-7b862872-val,17b933d3,2026-09-27,P8,topic,phobert-base,seg_pyvi,mtl-l1,1337,validation,0.8145,0.8936,0.8951,0.8078,0.762,0.7837,0.8427,,,260.3,"shared encoder, lambda=1.0",2be1bff85ec312ff5890c58dbc3e356dc6856d7a
p8-sent-phobert-base-seg_pyvi-mtl-l1-s2024-efa06289-val,722ba629,2026-09-27,P8,sentiment,phobert-base,seg_pyvi,mtl-l1,2024,validation,0.8472,0.9466,0.9495,0.8162,0.9058,0.8078,0.8809,,,260.7,"shared encoder, lambda=1.0",2be1bff85ec312ff5890c58dbc3e356dc6856d7a
p8-topi-phobert-base-seg_pyvi-mtl-l1-s2024-ae595453-val,ebbd1280,2026-09-27,P8,topic,phobert-base,seg_pyvi,mtl-l1,2024,validation,0.8157,0.9016,0.9065,0.7855,0.7813,0.7836,0.8458,,,260.7,"shared encoder, lambda=1.0",2be1bff85ec312ff5890c58dbc3e356dc6856d7a
p9-sent-phobert-base-seg_pyvi-aug-diac-teen-s42-599cf21f-val,296909f7,2026-09-27,P9,sentiment,phobert-base,seg_pyvi,aug-diac-teen,42,validation,0.8644,0.9521,0.9539,0.8399,0.9142,0.8307,0.8971,,,262.2,phobert-base aug-diac-teen,503fbdaf71a0553f0e4c8a11054114c86c17ffd1
p9-sent-phobert-base-seg_pyvi-aug-diac-teen-s42-599cf21f-tes,7ec67fbe,2026-09-27,P9,sentiment,phobert-base,seg_pyvi,aug-diac-teen,42,test,0.8371,0.9402,0.9435,0.8095,0.8957,0.8101,0.8618,,,262.2,phobert-base aug-diac-teen,503fbdaf71a0553f0e4c8a11054114c86c17ffd1
p9-sent-phobert-base-seg_pyvi-aug-diac-teen-s1337-6577cf17-val,134ba6db,2026-09-27,P9,sentiment,phobert-base,seg_pyvi,aug-diac-teen,1337,validation,0.8683,0.9529,0.9551,0.8369,0.9165,0.8324,0.898,,,261.3,phobert-base aug-diac-teen,27fec90434f6c672bfd2bcb7bab3f6cabd306da0
p9-sent-phobert-base-seg_pyvi-aug-diac-teen-s1337-6577cf17-tes,3c9e199d,2026-09-27,P9,sentiment,phobert-base,seg_pyvi,aug-diac-teen,1337,test,0.8298,0.9343,0.9384,0.7974,0.8863,0.8034,0.8529,,,261.3,phobert-base aug-diac-teen,27fec90434f6c672bfd2bcb7bab3f6cabd306da0
p9-sent-phobert-base-seg_pyvi-aug-diac-teen-s2024-6d4c703f-val,02d5afdf,2026-09-27,P9,sentiment,phobert-base,seg_pyvi,aug-diac-teen,2024,validation,0.8795,0.9555,0.957,0.8545,0.9201,0.8436,0.9093,,,261.7,phobert-base aug-diac-teen,27fec90434f6c672bfd2bcb7bab3f6cabd306da0
p9-sent-phobert-base-seg_pyvi-aug-diac-teen-s2024-6d4c703f-tes,0b7c88c6,2026-09-27,P9,sentiment,phobert-base,seg_pyvi,aug-diac-teen,2024,test,0.8179,0.9343,0.9387,0.7884,0.8868,0.7912,0.8433,,,261.7,phobert-base aug-diac-teen,27fec90434f6c672bfd2bcb7bab3f6cabd306da0
p9-sent-phobert-base-seg_pyvi-aug-diac-teen-s7-c67ab4c7-val,b4c7942a,2026-09-27,P9,sentiment,phobert-base,seg_pyvi,aug-diac-teen,7,validation,0.8609,0.9493,0.9514,0.8341,0.9094,0.8257,0.8923,,,260.5,phobert-base aug-diac-teen,27fec90434f6c672bfd2bcb7bab3f6cabd306da0
p9-sent-phobert-base-seg_pyvi-aug-diac-teen-s7-c67ab4c7-tes,13510903,2026-09-27,P9,sentiment,phobert-base,seg_pyvi,aug-diac-teen,7,test,0.8309,0.9375,0.9409,0.8042,0.891,0.8055,0.8547,,,260.5,phobert-base aug-diac-teen,27fec90434f6c672bfd2bcb7bab3f6cabd306da0
p9-sent-phobert-base-seg_pyvi-aug-diac-teen-s31337-023d9372-val,6633250d,2026-09-27,P9,sentiment,phobert-base,seg_pyvi,aug-diac-teen,31337,validation,0.8693,0.9522,0.9539,0.8441,0.9142,0.8335,0.9009,,,260.6,phobert-base aug-diac-teen,27fec90434f6c672bfd2bcb7bab3f6cabd306da0
p9-sent-phobert-base-seg_pyvi-aug-diac-teen-s31337-023d9372-tes,b518727f,2026-09-27,P9,sentiment,phobert-base,seg_pyvi,aug-diac-teen,31337,test,0.8325,0.9362,0.9387,0.8116,0.8871,0.806,0.8545,,,260.6,phobert-base aug-diac-teen,27fec90434f6c672bfd2bcb7bab3f6cabd306da0
p10-sent-phobert-base-seg_pyvi-base-s1337-82199bc7-val,e11e97bf,2026-09-27,P10,sentiment,phobert-base,seg_pyvi,base,1337,validation,0.8709,0.9524,0.9539,0.8482,0.9143,0.8374,0.9018,,,258.7,phobert-base base,58c8576d4a53616a6e47c3ee9e2940561c7ab803
p10-sent-phobert-base-seg_pyvi-aug-diac-teen-s1337-6577cf17-val,997d639e,2026-09-27,P10,sentiment,phobert-base,seg_pyvi,aug-diac-teen,1337,validation,0.8683,0.9529,0.9551,0.8369,0.9165,0.8324,0.898,,,261.3,phobert-base aug-diac-teen,58c8576d4a53616a6e47c3ee9e2940561c7ab803
p10-sent-phobert-base-seg_pyvi-base-s2024-225e8f6b-val,a239b8d4,2026-09-27,P10,sentiment,phobert-base,seg_pyvi,base,2024,validation,0.8494,0.9498,0.9526,0.8186,0.9118,0.8106,0.8831,,,264.0,phobert-base base,58c8576d4a53616a6e47c3ee9e2940561c7ab803
p10-sent-phobert-base-seg_pyvi-aug-diac-teen-s2024-6d4c703f-val,bf2bd52f,2026-09-27,P10,sentiment,phobert-base,seg_pyvi,aug-diac-teen,2024,validation,0.8795,0.9555,0.957,0.8545,0.9201,0.8436,0.9093,,,261.4,phobert-base aug-diac-teen,58c8576d4a53616a6e47c3ee9e2940561c7ab803
p10-sent-phobert-base-seg_pyvi-base-s7-c020562a-val,6c62c3ac,2026-09-27,P10,sentiment,phobert-base,seg_pyvi,base,7,validation,0.8627,0.9496,0.9514,0.8382,0.9095,0.8272,0.8935,,,254.0,phobert-base base,58c8576d4a53616a6e47c3ee9e2940561c7ab803
p10-sent-phobert-base-seg_pyvi-aug-diac-teen-s7-c67ab4c7-val,aa7b43d8,2026-09-27,P10,sentiment,phobert-base,seg_pyvi,aug-diac-teen,7,validation,0.8609,0.9493,0.9514,0.8341,0.9094,0.8257,0.8923,,,265.6,phobert-base aug-diac-teen,58c8576d4a53616a6e47c3ee9e2940561c7ab803
p10-sent-phobert-base-seg_pyvi-base-s31337-684b7159-val,7e5ae24f,2026-09-27,P10,sentiment,phobert-base,seg_pyvi,base,31337,validation,0.875,0.9538,0.9551,0.8532,0.9166,0.8398,0.907,,,262.3,phobert-base base,58c8576d4a53616a6e47c3ee9e2940561c7ab803
p10-sent-phobert-base-seg_pyvi-aug-diac-teen-s31337-023d9372-val,ccc46b5f,2026-09-27,P10,sentiment,phobert-base,seg_pyvi,aug-diac-teen,31337,validation,0.8693,0.9522,0.9539,0.8441,0.9142,0.8335,0.9009,,,262.6,phobert-base aug-diac-teen,58c8576d4a53616a6e47c3ee9e2940561c7ab803
p11-sent-phobert-base-seg_pyvi-aug-diac-teen-vln-s42-1564b4f3-val,3c2559dc,2026-09-27,P11,sentiment,phobert-base,seg_pyvi,aug-diac-teen-vln,42,validation,0.8809,0.9572,0.9589,0.8517,0.9236,0.8467,0.911,,,335.7,phobert-base aug-diac-teen-vln,0a5354d2e050e2bcdb2a909810485f4d13ef653c
p11-sent-phobert-base-seg_pyvi-aug-diac-teen-vln-s1337-e9edbd3b-val,7193bcca,2026-09-27,P11,sentiment,phobert-base,seg_pyvi,aug-diac-teen-vln,1337,validation,0.8608,0.949,0.9507,0.8377,0.9083,0.8254,0.8921,,,260.0,phobert-base aug-diac-teen-vln,1e04fb2fe8b0d339b54f2c33adb52369a1044b8e
p11-sent-phobert-base-seg_pyvi-aug-diac-teen-vln-s2024-3ce32751-val,590f1b98,2026-09-27,P11,sentiment,phobert-base,seg_pyvi,aug-diac-teen-vln,2024,validation,0.875,0.9533,0.9551,0.8452,0.9166,0.8417,0.9061,,,260.8,phobert-base aug-diac-teen-vln,1e04fb2fe8b0d339b54f2c33adb52369a1044b8e
p11-sent-phobert-base-seg_pyvi-aug-diac-teen-vln-s7-22360c2d-val,7da6decb,2026-09-27,P11,sentiment,phobert-base,seg_pyvi,aug-diac-teen-vln,7,validation,0.8719,0.9494,0.9507,0.8502,0.9084,0.8393,0.9029,,,260.0,phobert-base aug-diac-teen-vln,1e04fb2fe8b0d339b54f2c33adb52369a1044b8e
p11-sent-phobert-base-seg_pyvi-aug-diac-teen-vln-s31337-e1848633-val,ff38e6fd,2026-09-27,P11,sentiment,phobert-base,seg_pyvi,aug-diac-teen-vln,31337,validation,0.8696,0.9525,0.9545,0.8405,0.9154,0.834,0.9009,,,259.9,phobert-base aug-diac-teen-vln,1e04fb2fe8b0d339b54f2c33adb52369a1044b8e
