split,example_index,stratum,gold,pred
validation,939,error:negative->positive,negative,positive
validation,1391,error:positive->negative,positive,negative
validation,621,error:negative->positive,negative,positive
validation,919,error:negative->neutral,negative,neutral
validation,208,correct_uncertain:negative,negative,negative
validation,616,correct_uncertain:neutral,neutral,neutral
validation,812,random,negative,negative
validation,816,correct_uncertain:positive,positive,positive
validation,218,correct_uncertain:neutral,neutral,neutral
validation,1303,error:positive->negative,positive,negative
validation,134,random,negative,negative
validation,684,random,positive,positive
validation,855,error:neutral->negative,neutral,negative
validation,718,error:neutral->negative,neutral,negative
validation,1135,random,negative,negative
validation,758,error:positive->negative,positive,negative
validation,295,error:negative->positive,negative,positive
validation,983,error:negative->positive,negative,positive
validation,701,error:positive->negative,positive,negative
validation,1254,error:neutral->positive,neutral,positive
validation,1068,error:positive->negative,positive,negative
validation,1131,error:positive->neutral,positive,neutral
validation,782,error:positive->neutral,positive,neutral
validation,1357,error:neutral->negative,neutral,negative
validation,1026,random,negative,negative
validation,105,correct_uncertain:positive,positive,positive
validation,688,error:positive->negative,positive,negative
validation,826,error:negative->positive,negative,positive
validation,1201,random,positive,positive
validation,1183,correct_uncertain:negative,negative,negative
validation,1242,random,positive,positive
validation,618,correct_uncertain:neutral,neutral,neutral
validation,831,random,negative,negative
validation,1106,error:neutral->negative,neutral,negative
validation,138,random,positive,positive
validation,1060,error:neutral->positive,neutral,positive
validation,696,correct_uncertain:negative,negative,negative
validation,610,error:neutral->negative,neutral,negative
validation,319,correct_uncertain:positive,positive,positive
validation,345,error:negative->neutral,negative,neutral
validation,532,error:neutral->negative,neutral,negative
validation,941,error:positive->neutral,positive,neutral
validation,1299,error:negative->positive,negative,positive
validation,1332,random,negative,negative
validation,1264,error:negative->positive,negative,positive
validation,380,error:positive->neutral,positive,neutral
validation,1350,random,positive,positive
validation,399,correct_uncertain:positive,positive,positive
validation,374,correct_uncertain:negative,negative,negative
validation,1097,random,positive,positive
validation,541,error:neutral->negative,neutral,negative
validation,30,error:neutral->positive,neutral,positive
validation,1272,error:positive->neutral,positive,neutral
validation,797,error:neutral->positive,neutral,positive
validation,548,correct_uncertain:neutral,neutral,neutral
validation,127,error:neutral->positive,neutral,positive
validation,1518,correct_uncertain:negative,negative,negative
validation,713,random,negative,negative
validation,1212,random,negative,negative
validation,697,error:negative->positive,negative,positive
validation,1080,error:positive->negative,positive,negative
validation,1161,random,positive,positive
validation,313,random,positive,positive
validation,200,random,positive,positive
validation,676,random,negative,negative
validation,635,error:positive->neutral,positive,neutral
validation,1570,error:positive->negative,positive,negative
validation,1426,error:negative->neutral,negative,neutral
validation,753,correct_uncertain:positive,positive,positive
validation,985,error:neutral->positive,neutral,positive
validation,1220,error:negative->neutral,negative,neutral
validation,1280,error:neutral->positive,neutral,positive
validation,117,error:neutral->positive,neutral,positive
validation,1536,random,negative,negative
validation,146,random,negative,negative
validation,569,error:neutral->negative,neutral,negative
validation,154,correct_uncertain:neutral,neutral,neutral
train,694,error:neutral->positive,neutral,positive
train,6045,error:negative->neutral,negative,neutral
train,299,error:neutral->negative,neutral,negative
train,7129,error:neutral->positive,neutral,positive
train,3032,error:neutral->negative,neutral,negative
train,7074,error:neutral->positive,neutral,positive
train,10204,error:negative->positive,negative,positive
train,8677,correct_uncertain:neutral,neutral,neutral
train,9385,error:negative->neutral,negative,neutral
train,3663,error:negative->positive,negative,positive
train,9081,correct_uncertain:negative,negative,negative
train,3074,error:positive->negative,positive,negative
train,1462,random,negative,negative
train,5977,error:positive->negative,positive,negative
train,1017,random,negative,negative
train,11066,error:positive->neutral,positive,neutral
train,5141,random,positive,positive
train,9589,random,positive,positive
train,11214,correct_uncertain:neutral,neutral,neutral
train,9256,error:positive->neutral,positive,neutral
train,2126,error:negative->positive,negative,positive
train,11042,correct_uncertain:positive,positive,positive
train,2733,error:negative->neutral,negative,neutral
train,9803,error:positive->neutral,positive,neutral
train,3646,error:positive->negative,positive,negative
train,8190,random,positive,positive
train,4439,error:positive->neutral,positive,neutral
train,552,correct_uncertain:neutral,neutral,neutral
train,6500,error:neutral->negative,neutral,negative
train,7445,error:positive->negative,positive,negative
train,7373,correct_uncertain:positive,positive,positive
train,5857,random,positive,positive
train,2804,error:negative->neutral,negative,neutral
train,6006,random,positive,positive
train,3052,correct_uncertain:neutral,neutral,neutral
train,7118,error:neutral->negative,neutral,negative
train,8688,random,negative,negative
train,5827,error:neutral->positive,neutral,positive
train,6282,error:positive->neutral,positive,neutral
train,10370,error:negative->positive,negative,positive
train,8668,correct_uncertain:positive,positive,positive
train,9894,error:negative->neutral,negative,neutral
train,1549,error:neutral->negative,neutral,negative
train,10539,error:positive->negative,positive,negative
train,11304,error:negative->positive,negative,positive
train,2297,random,positive,positive
train,10465,error:negative->neutral,negative,neutral
train,11190,error:positive->negative,positive,negative
train,9793,random,negative,negative
train,11137,random,negative,neutral
train,684,correct_uncertain:negative,negative,negative
train,9214,error:positive->neutral,positive,neutral
train,7955,random,negative,negative
train,7320,error:negative->positive,negative,positive
train,9615,error:neutral->positive,neutral,positive
train,1109,error:positive->neutral,positive,neutral
train,11238,error:neutral->positive,neutral,positive
train,4114,correct_uncertain:negative,negative,negative
train,4228,error:neutral->positive,neutral,positive
train,236,error:positive->neutral,positive,neutral
train,8972,random,positive,positive
train,4937,random,negative,negative
train,5796,correct_uncertain:neutral,neutral,neutral
train,2947,error:negative->positive,negative,positive
train,5355,error:positive->negative,positive,negative
train,8396,random,positive,positive
train,7719,correct_uncertain:positive,positive,positive
train,8824,random,negative,negative
train,5003,random,positive,positive
train,10259,error:positive->negative,positive,negative
train,1042,error:neutral->positive,neutral,positive
train,10667,error:negative->neutral,negative,neutral
train,2873,correct_uncertain:negative,negative,negative
train,4709,error:neutral->negative,neutral,negative
train,4568,error:negative->neutral,negative,neutral
train,8631,error:neutral->negative,neutral,negative
train,1075,random,positive,positive
train,980,random,positive,positive
train,1827,error:neutral->negative,neutral,negative
train,8081,correct_uncertain:positive,positive,positive
train,7464,random,positive,positive
train,5933,error:negative->positive,negative,positive
train,7609,correct_uncertain:negative,negative,negative
